Workbook

Sheet Summary
A1: Semrush Keyword Strategy - fridgerepairblacktown.com.au
A2: Prepared 16 Oct 2026 | Source: Semrush (Australia database, desktop) | Filters: KD 0-20%, intent Commercial / Transactional, repair-related terms, volume 50+
A4: KEY NUMBERS
A5: Target keywords (in scope) | B5: =COUNTIFS(Keywords!H2:H140,"<>P4 - Optional") -> 126
A6: Combined monthly search volume (in scope) | B6: =SUMIFS(Keywords!D2:D140,Keywords!H2:H140,"<>P4 - Optional") -> 27010
A7: Average keyword difficulty (in scope) | B7: =ROUND(AVERAGEIFS(Keywords!E2:E140,Keywords!H2:H140,"<>P4 - Optional"),1) -> 10.7
A8: Keywords on EXISTING pages | B8: =COUNTIFS(Keywords!L2:L140,"EXISTING PAGE",Keywords!H2:H140,"<>P4 - Optional") -> 60
A9: Keywords needing NEW pages | B9: =COUNTIFS(Keywords!L2:L140,"NEW PAGE",Keywords!H2:H140,"<>P4 - Optional") -> 66
A10: Existing pages to optimise | B10: =COUNTIF('Page Map'!C2:C66,"EXISTING - optimise") -> 7
A11: New pages to create (service, brand, suburb + 3 support pages) | B11: =COUNTIF('Page Map'!C2:C66,"NEW") -> 58
A12: Optional low-relevance keywords (inner west / eastern suburbs, P4) | B12: =COUNTIF(Keywords!H2:H140,"P4 - Optional") -> 13
A13: New finds not in the previous plan | B13: =COUNTIF(Keywords!N2:N140,"No - new find") -> 112
A14: Suburb pages planned (Tier 1 / 2 / 3 / extended) | B14: =COUNTIF('Page Map'!D2:D66,"Suburb")+COUNTIF('Page Map'!D2:D66,"Commercial zone") -> 40
A16: WHAT THE SEMRUSH DATA SAYS
A17: 1. Demand is real and difficulty is low: the in-scope list averages KD ~11 and the best terms (fridge repairs near me 2,400/mo KD 12; fridge repairs 1,600 KD 16; fridge repair 1,300 KD 14) are all inside KD 0-20.
A18: 2. Brand pages are the largest untapped pool. Fisher & Paykel alone has ~3,600 searches/mo at KD 4-17, Westinghouse ~840, LG ~870, Samsung ~400. None of these pages exist on the site yet.
A19: 3. Commercial refrigeration has the highest lead value: CPC $6-$13 on terms like "commercial refrigeration repair" (720/mo, KD 14), "commercial freezer repair" (590, KD 10) and "refrigerator commercial repair" (CPC $13.59). The page exists but needs optimising.
A20: 4. Two new commercial clusters are missing entirely: Ice machine repair (8 keywords, KD 3-9, ~1,100/mo) and Coolroom / cold room repair (5 keywords, ~520/mo, CPC up to $15).
A21: 5. Blacktown itself is small (fridge repairs blacktown 110/mo KD 6; fridge repair blacktown 50/mo KD 5), so the homepage must also capture the big generic and "near me" terms, backed by Google Business Profile.
A22: 6. SUBURB PAGES - decision: YES, build them, as a supporting layer. Evidence: masterfridgerepairs.com.au has 80 suburb pages and fastfridgerepairs.com.au has 133 (out of 111 / 191 URLs); the #1 organic result for "fridge repairs blacktown" is a dedicated suburb page. But Semrush shows each suburb page gets only 0-19 visits/month (homepage = 69% / 50% of their traffic; all suburb pages together ~11% / ~22%). So: low volume, low difficulty (KD 4-6), cheap wins - not the main traffic source.
A23: 7. Suburb demand: measurable volume exists for Penrith ~280 (3 variants), Smithfield 170, Parramatta 140, Castle Hill 140, Richmond 90, Glenwood 70, Rouse Hill 50, St Marys 50. Most Blacktown-area suburbs (Doonside, Marayong, Quakers Hill, Mount Druitt, Seven Hills...) are below Semrush reporting level (<10/mo each) - they are included for local relevance, Map Pack proximity and because 12 of your suburbs have NO competitor page at all.
A24: 8. Competitors are weak: local players have Domain Authority 8-17 and 150-260 referring domains, only a few have a dedicated Blacktown page, and none visibly cover brands, coolroom or ice machines locally.
A25: 9. Search intent note: Semrush labels many "fridge repair [suburb]" terms Commercial (comparison / hire intent). Treat them as lead-gen pages with a phone number and booking form above the fold.
A27: HOW TO USE THIS FILE
A28: • Keywords tab: every keyword with volume, KD, CPC, intent, priority, and the page it belongs to (filter by "Page Status" to see EXISTING vs NEW).
... A40: • No Google Search Console, keyword rank-tracking or on-page crawl data was available - the site audit comes from the sitemap and homepage text only.

Sheet Page Map
A1: # | B1: Publish Week | C1: Page Status | D1: Page Type | E1: URL | F1: Primary Keyword | G1: Primary Vol | H1: Primary KD % | I1: Keywords Mapped | J1: Total Volume (excl. P4) | K1: Avg KD % | L1: Avg CPC (USD) | M1: Priority | N1: Title Tag (<=60) | O1: Title Len | P1: H1 | Q1: Word Count | R1: Secondary Keywords (top 8 by volume) | S1: In previous plan? | T1: Notes
A2: 1 | B2: Week 1 (19 - 25 Oct) | C2: EXISTING - optimise | D2: Homepage | E2: / | F2: fridge repairs near me | G2: 2400 | H2: 12 | I2: =COUNTIF(Keywords!$K$2:$K$140,E2) -> 16 | J2: =SUMIFS(Keywords!$D$2:$D$140,Keywords!$K$2:$K$140,E2,Keywords!$H$2:$H$140,"<>P4 - Optional") -> 7340 | K2: =IFERROR(ROUND(AVERAGEIFS(Keywords!$E$2:$E$140,Keywords!$K$2:$K$140,E2,Keywords!$H$2:$H$140,"<>P4 - Optional"),1),"n/a") -> 11.6 | L2: =IFERROR(ROUND(AVERAGEIFS(Keywords!$F$2:$F$140,Keywords!$K$2:$K$140,E2,Keywords!$H$2:$H$140,"<>P4 - Optional"),2),"n/a") -> 1.98 | M2: P1 | N2: Fridge Repairs Blacktown | Same-Day Local Technicians | O2: =LEN(N2) -> 53 | P2: Fridge Repairs Blacktown | Q2: 1,800-2,200 | R2: fridge repairs, fridge repair, refrigerator mechanic near me, fridge technician near me, fridge mechanic, technician for fridge, fridge repair technician, fridge repairs blacktown (+7 more in Keywords tab) | S2: Yes (planned) | T2: Local money page. Add phone + click-to-call in first screen; link every section to its own page. Needs real Google reviews + NAP.
A3: 2 | B3: Week 1 (19 - 25 Oct) | C3: EXISTING - optimise | D3: Service | E3: /commercial-fridge-repair-blacktown/ | F3: commercial refrigeration repair | G3: 720 | H3: 14 | I3: =COUNTIF(Keywords!$K$2:$K$140,E3) -> 17 | J3: =SUMIFS(Keywords!$D$2:$D$140,Keywords!$K$2:$K$140,E3,Keywords!$H$2:$H$140,"<>P4 - Optional") -> 4170 | K3: =IFERROR(ROUND(AVERAGEIFS(Keywords!$E$2:$E$140,Keywords!$K$2:$K$140,E3,Keywords!$H$2:$H$140,"<>P4 - Optional"),1),"n/a") -> 12.3 | L3: =IFERROR(ROUND(AVERAGEIFS(Keywords!$F$2:$F$140,Keywords!$K$2:$K$140,E3,Keywords!$H$2:$H$140,"<>P4 - Optional"),2),"n/a") -> 7.91 | M3: P1 | N3: Commercial Fridge Repairs Blacktown | 24/7 Service | O3: =LEN(N3) -> 50 | P3: Commercial Fridge & Refrigeration Repairs in Blacktown | Q3: 1,300-1,600 | R3: commercial freezer repair, commercial fridge repair, commercial refrigeration repairs, commercial refrigeration services, refrigerator commercial repair, commercial fridge service, commercial freezer repairs, commercial refrigeration repair near me (+8 more in Keywords tab) | S3: Yes (planned) | T3: Highest CPC cluster ($6-$13) = highest commercial value. Add industries, equipment types, SLA / response time, maintenance plans.
A4: 3 | B4: Week 1 (19 - 25 Oct) | C4: EXISTING - optimise | D4: Service | E4: /residential-fridge-repair/ | F4: repair refrigerator service | G4: 720 | H4: 13 | I4: =COUNTIF(Keywords!$K$2:$K$140,E4) -> 19 | J4: =SUMIFS(Keywords!$D$2:$D$140,Keywords!$K$2:$K$140,E4,Keywords!$H$2:$H$140,"<>P4 - Optional") -> 4160 | K4: =IFERROR(ROUND(AVERAGEIFS(Keywords!$E$2:$E$140,Keywords!$K$2:$K$140,E4,Keywords!$H$2:$H$140,"<>P4 - Optional"),1),"n/a") -> 13.4 | L4: =IFERROR(ROUND(AVERAGEIFS(Keywords!$F$2:$F$140,Keywords!$K$2:$K$140,E4,Keywords!$H$2:$H$140,"<>P4 - Optional"),2),"n/a") -> 2.51 | M4: P1 | N4: Residential Fridge Repair Blacktown | All Brands | O4: =LEN(N4) -> 48 | P4: Residential Fridge Repair in Blacktown | Q4: 1,100-1,400 | R4: fridge service and repair, refrigerator repair service, refrigeration service, refridgerator repairs, refigerator repair, repair fridges, refrigerator freezer repair, refrigerator refrigerator repair (+10 more in Keywords tab) | S4: Yes (planned) | T4: Takes the generic "fridge service / repair service" terms. Keep Blacktown in H1 and first paragraph.
A5: 4 | B5: Week 1 (19 - 25 Oct) | C5: NEW | D5: Brand | E5: /fisher-paykel-fridge-repair/ | F5: fisher and paykel fridge repairs | G5: 1000 | H5: 12 | I5: =COUNTIF(Keywords!$K$2:$K$140,E5) -> 11 | J5: =SUMIFS(Keywords!$D$2:$D$140,Keywords!$K$2:$K$140,E5,Keywords!$H$2:$H$140,"<>P4 - Optional") -> 3640 | K5: =IFERROR(ROUND(AVERAGEIFS(Keywords!$E$2:$E$140,Keywords!$K$2:$K$140,E5,Keywords!$H$2:$H$140,"<>P4 - Optional"),1),"n/a") -> 13.2 | L5: =IFERROR(ROUND(AVERAGEIFS(Keywords!$F$2:$F$140,Keywords!$K$2:$K$140,E5,Keywords!$H$2:$H$140,"<>P4 - Optional"),2),"n/a") -> 1.54 | M5: P1 | N5: Fisher & Paykel Fridge Repairs Blacktown | Local Techs | O5: =LEN(N5) -> 54 | P5: Fisher & Paykel Fridge Repair in Blacktown | Q5: 1,000-1,300 | R5: fisher & paykel fridge repairs, fisher and paykel refrigerator repair, fisher and paykel appliance repairs, fisher and paykel repair service near me, fisher and paykel service repair, fisher paykel appliance repair near me, fisher paykel repair near me, fisher and paykel repairs near me (+2 more in Keywords tab) | S5: No - new find | T5: BIGGEST single opportunity: ~3,600 combined monthly searches at KD 4-17. Do NOT claim "authorised service agent" unless true. Add real model numbers / jobs.
A6: 5 | B6: Week 1 (19 - 25 Oct) | C6: EXISTING - optimise | D6: Service | E6: /emergency-fridge-repair/ | F6: emergency commercial refrigeration repair | G6: 210 | H6: 5 | I6: =COUNTIF(Keywords!$K$2:$K$140,E6) -> 4 | J6: =SUMIFS(Keywords!$D$2:$D$140,Keywords!$K$2:$K$140,E6,Keywords!$H$2:$H$140,"<>P4 - Optional") -> 380 | K6: =IFERROR(ROUND(AVERAGEIFS(Keywords!$E$2:$E$140,Keywords!$K$2:$K$140,E6,Keywords!$H$2:$H$140,"<>P4 - Optional"),1),"n/a") -> 11.5 | L6: =IFERROR(ROUND(AVERAGEIFS(Keywords!$F$2:$F$140,Keywords!$K$2:$K$140,E6,Keywords!$H$2:$H$140,"<>P4 - Optional"),2),"n/a") -> 1.85 | M6: P1 | N6: Emergency Fridge Repair Blacktown | 24/7 Call-Out | O6: =LEN(N6) -> 49 | P6: 24/7 Emergency Fridge Repair in Blacktown | Q6: 1,000-1,300 | R6: same day fridge repair, urgent fridge repair, emergency refrigerator repair | S6: Yes (planned) | T6: Add commercial emergency (coolroom / display) section to cover "emergency commercial refrigeration repair". Confirm after-hours rates before publishing.
A7: 6 | B7: Week 2 (26 Oct - 1 Nov) | C7: NEW | D7: Service | E7: /ice-machine-repair/ | F7: refrigerator ice machine repair | G7: 320 | H7: 6 | I7: =COUNTIF(Keywords!$K$2:$K$140,E7) -> 8 | J7: =SUMIFS(Keywords!$D$2:$D$140,Keywords!$K$2:$K$140,E7,Keywords!$H$2:$H$140,"<>P4 - Optional") -> 1120 | K7: =IFERROR(ROUND(AVERAGEIFS(Keywords!$E$2:$E$140,Keywords!$K$2:$K$140,E7,Keywords!$H$2:$H$140,"<>P4 - Optional"),1),"n/a") -> 5.6 | L7: =IFERROR(ROUND(AVERAGEIFS(Keywords!$F$2:$F$140,Keywords!$K$2:$K$140,E7,Keywords!$H$2:$H$140,"<>P4 - Optional"),2),"n/a") -> 3.23 | M7: P1 | N7: Ice Machine Repair Blacktown & Western Sydney | O7: =LEN(N7) -> 45 | P7: Ice Machine Repair & Service in Blacktown | Q7: 1,100-1,400 | R7: ice machine repair, ice machine repairs, ice machine service, ice machine repair service, ice maker repair service, ice maker machine repair, restaurant ice machine repair near me | S7: Yes (planned) | T7: Big untapped cluster: 8 keywords, KD 3-9. Cafes / restaurants / pubs. Few local competitors have a dedicated page.
A8: 7 | B8: Week 2 (26 Oct - 1 Nov) | C8: NEW | D8: Brand | E8: /westinghouse-fridge-repair/ | F8: westinghouse refrigerator repairs | G8: 590 | H8: 13 | I8: =COUNTIF(Keywords!$K$2:$K$140,E8) -> 3 | J8: =SUMIFS(Keywords!$D$2:$D$140,Keywords!$K$2:$K$140,E8,Keywords!$H$2:$H$140,"<>P4 - Optional") -> 840 | K8: =IFERROR(ROUND(AVERAGEIFS(Keywords!$E$2:$E$140,Keywords!$K$2:$K$140,E8,Keywords!$H$2:$H$140,"<>P4 - Optional"),1),"n/a") -> 11.3 | L8: =IFERROR(ROUND(AVERAGEIFS(Keywords!$F$2:$F$140,Keywords!$K$2:$K$140,E8,Keywords!$H$2:$H$140,"<>P4 - Optional"),2),"n/a") -> 1.97 | M8: P1 | N8: Westinghouse Fridge Repairs Blacktown | Same Day | O8: =LEN(N8) -> 48 | P8: Westinghouse Fridge Repair in Blacktown | Q8: 900-1,200 | R8: westinghouse fridge repairs near me, westinghouse repairs near me | S8: Yes (planned) | T8: Westinghouse refrigerator repairs = 590/mo, KD 13.
A9: 8 | B9: Week 2 (26 Oct - 1 Nov) | C9: EXISTING - optimise | D9: Service | E9: /freezer-repair-blacktown/ | F9: freezer repair | G9: 480 | H9: 7 | I9: =COUNTIF(Keywords!$K$2:$K$140,E9) -> 3 | J9: =SUMIFS(Keywords!$D$2:$D$140,Keywords!$K$2:$K$140,E9,Keywords!$H$2:$H$140,"<>P4 - Optional") -> 660 | K9: =IFERROR(ROUND(AVERAGEIFS(Keywords!$E$2:$E$140,Keywords!$K$2:$K$140,E9,Keywords!$H$2:$H$140,"<>P4 - Optional"),1),"n/a") -> 6.7 | L9: =IFERROR(ROUND(AVERAGEIFS(Keywords!$F$2:$F$140,Keywords!$K$2:$K$140,E9,Keywords!$H$2:$H$140,"<>P4 - Optional"),2),"n/a") -> 1.45 | M9: P1 | N9: Freezer Repair Blacktown | Chest & Upright Freezers | O9: =LEN(N9) -> 51 | P9: Freezer Repair in Blacktown | Q9: 900-1,200 | R9: freeze repair service, freeze repair near me | S9: Yes (planned) | T9: Also catches "freeze repair" misspellings. Mention chest, upright, commercial freezers.
A10: 9 | B10: Week 2 (26 Oct - 1 Nov) | C10: NEW | D10: Service | E10: /coolroom-repair/ | F10: coolroom repairs near me | G10: 170 | H10: 20 | I10: =COUNTIF(Keywords!$K$2:$K$140,E10) -> 5 | J10: =SUMIFS(Keywords!$D$2:$D$140,Keywords!$K$2:$K$140,E10,Keywords!$H$2:$H$140,"<>P4 - Optional") -> 520 | K10: =IFERROR(ROUND(AVERAGEIFS(Keywords!$E$2:$E$140,Keywords!$K$2:$K$140,E10,Keywords!$H$2:$H$140,"<>P4 - Optional"),1),"n/a") -> 10.8 | L10: =IFERROR(ROUND(AVERAGEIFS(Keywords!$F$2:$F$140,Keywords!$K$2:$K$140,E10,Keywords!$H$2:$H$140,"<>P4 - Optional"),2),"n/a") -> 8.78 | M10: P1 | N10: Coolroom Repairs Blacktown | Cold Room Technicians | O10: =LEN(N10) -> 50 | P10: Coolroom & Cold Room Repairs in Blacktown | Q10: 1,100-1,400 | R10: cool room repair, commercial cool room repairs, coolroom repair, cold room repairs | S10: Yes (planned) | T10: Footer already mentions coolroom repairs but links to #services - no real page yet. CPC up to $15 = very high lead value.
A11: 10 | B11: Week 2 (26 Oct - 1 Nov) | C11: EXISTING - optimise | D11: Service | E11: /fridge-regas/ | F11: refrigerator regas | G11: 140 | H11: 7 | I11: =COUNTIF(Keywords!$K$2:$K$140,E11) -> 1 | J11: =SUMIFS(Keywords!$D$2:$D$140,Keywords!$K$2:$K$140,E11,Keywords!$H$2:$H$140,"<>P4 - Optional") -> 140 | K11: =IFERROR(ROUND(AVERAGEIFS(Keywords!$E$2:$E$140,Keywords!$K$2:$K$140,E11,Keywords!$H$2:$H$140,"<>P4 - Optional"),1),"n/a") -> 7 | L11: =IFERROR(ROUND(AVERAGEIFS(Keywords!$F$2:$F$140,Keywords!$K$2:$K$140,E11,Keywords!$H$2:$H$140,"<>P4 - Optional"),2),"n/a") -> 1.53 | M11: P1 | N11: Fridge Regas Blacktown | Gas Leak Repair & Recharge | O11: =LEN(N11) -> 51 | P11: Fridge Regas & Gas Leak Repair in Blacktown | Q11: 900-1,200 | R11: - | S11: Yes (planned) | T11: Low KD (7). Explain gas type, leak test, regas vs compressor so it also feeds the compressor page.
A12: 11 | B12: Week 2 (26 Oct - 1 Nov) | C12: NEW | D12: Suburb | E12: /fridge-repair-penrith/ | F12: fridge repairs penrith | G12: 140 | H12: 7 | I12: =COUNTIF(Keywords!$K$2:$K$140,E12) -> 3 | J12: =SUMIFS(Keywords!$D$2:$D$140,Keywords!$K$2:$K$140,E12,Keywords!$H$2:$H$140,"<>P4 - Optional") -> 280 | K12: =IFERROR(ROUND(AVERAGEIFS(Keywords!$E$2:$E$140,Keywords!$K$2:$K$140,E12,Keywords!$H$2:$H$140,"<>P4 - Optional"),1),"n/a") -> 6.7 | L12: =IFERROR(ROUND(AVERAGEIFS(Keywords!$F$2:$F$140,Keywords!$K$2:$K$140,E12,Keywords!$H$2:$H$140,"<>P4 - Optional"),2),"n/a") -> 1.5 | M12: P2 | N12: Fridge Repair Penrith | Local Technicians, Same Day | O12: =LEN(N12) -> 51 | P12: Fridge Repair in Penrith | Q12: 600-800 | R12: refrigerator repairs penrith, fridge repair penrith | S12: No - new find | T12: Tier 1: Semrush demand and/or both competitors cover it. Both Master and Fast have a page. See Suburb Pages tab for the unique-content checklist. Confirm you service this suburb before publishing.
A13: 12 | B13: Week 2 (26 Oct - 1 Nov) | C13: NEW | D13: Suburb | E13: /fridge-repair-smithfield/ | F13: fridge repairs smithfield | G13: 170 | H13: 5 | I13: =COUNTIF(Keywords!$K$2:$K$140,E13) -> 1 | J13: =SUMIFS(Keywords!$D$2:$D$140,Keywords!$K$2:$K$140,E13,Keywords!$H$2:$H$140,"<>P4 - Optional") -> 170 | K13: =IFERROR(ROUND(AVERAGEIFS(Keywords!$E$2:$E$140,Keywords!$K$2:$K$140,E13,Keywords!$H$2:$H$140,"<>P4 - Optional"),1),"n/a") -> 5 | L13: =IFERROR(ROUND(AVERAGEIFS(Keywords!$F$2:$F$140,Keywords!$K$2:$K$140,E13,Keywords!$H$2:$H$140,"<>P4 - Optional"),2),"n/a") -> 0 | M13: P2 | N13: Fridge Repair Smithfield | Local Technicians, Same Day | O13: =LEN(N13) -> 54 | P13: Fridge Repair in Smithfield | Q13: 600-800 | R13: - | S13: No - new find | T13: Tier 1: Semrush demand and/or both competitors cover it. Both Master and Fast have a page. See Suburb Pages tab for the unique-content checklist. Confirm you service this suburb before publishing.
... A22: 21 | B22: Week 3 (2 - 8 Nov) | C22: NEW | D22: Suburb | E22: /fridge-repair-st-marys/ | F22: fridge repairs st marys | G22: 50 | H22: 6 | I22: =COUNTIF(Keywords!$K$2:$K$140,E22) -> 1 | J22: =SUMIFS(Keywords!$D$2:$D$140,Keywords!$K$2:$K$140,E22,Keywords!$H$2:$H$140,"<>P4 - Optional") -> 50 | K22: =IFERROR(ROUND(AVERAGEIFS(Keywords!$E$2:$E$140,Keywords!$K$2:$K$140,E22,Keywords!$H$2:$H$140,"<>P4 - Optional"),1),"n/a") -> 6 | L22: =IFERROR(ROUND(AVERAGEIFS(Keywords!$F$2:$F$140,Keywords!$K$2:$K$140,E22,Keywords!$H$2:$H$140,"<>P4 - Optional"),2),"n/a") -> 0 | M22: P2 | N22: Fridge Repair St Marys | Local Technicians, Same Day | O22: =LEN(N22) -> 52 | P22: Fridge Repair in St Marys | Q22: 600-800 | R22: - | S22: No - new find | T22: Tier 1: Semrush demand and/or both competitors cover it. Both Master and Fast have a page. See Suburb Pages tab for the unique-content checklist. Confirm you service this suburb before publishing.
A23: 22 | B23: Week 3 (2 - 8 Nov) | C23: NEW | D23: Suburb | E23: /fridge-repair-doonside/ | F23: fridge repair doonside | G23: <10 (not reported) | H23: n/a | I23: =COUNTIF(Keywords!$K$2:$K$140,E23) -> 0 | J23: =SUMIFS(Keywords!$D$2:$D$140,Keywords!$K$2:$K$140,E23,Keywords!$H$2:$H$140,"<>P4 - Optional") -> 0 | K23: =IFERROR(ROUND(AVERAGEIFS(Keywords!$E$2:$E$140,Keywords!$K$2:$K$140,E23,Keywords!$H$2:$H$140,"<>P4 - Optional"),1),"n/a") -> n/a | L23: =IFERROR(ROUND(AVERAGEIFS(Keywords!$F$2:$F$140,Keywords!$K$2:$K$140,E23,Keywords!$H$2:$H$140,"<>P4 - Optional"),2),"n/a") -> n/a | M23: P2 | N23: Fridge Repair Doonside | Local Technicians, Same Day | O23: =LEN(N23) -> 52 | P23: Fridge Repair in Doonside | Q23: 600-800 | R23: - | S23: Yes (planned) | T23: Tier 1: Semrush demand and/or both competitors cover it. Both Master and Fast have a page. See Suburb Pages tab for the unique-content checklist.
A24: 23 | B24: Week 3 (2 - 8 Nov) | C24: NEW | D24: Suburb | E24: /fridge-repair-mount-druitt/ | F24: fridge repair mount druitt | G24: <10 (not reported) | H24: n/a | I24: =COUNTIF(Keywords!$K$2:$K$140,E24) -> 0 | J24: =SUMIFS(Keywords!$D$2:$D$140,Keywords!$K$2:$K$140,E24,Keywords!$H$2:$H$140,"<>P4 - Optional") -> 0 | K24: =IFERROR(ROUND(AVERAGEIFS(Keywords!$E$2:$E$140,Keywords!$K$2:$K$140,E24,Keywords!$H$2:$H$140,"<>P4 - Optional"),1),"n/a") -> n/a | L24: =IFERROR(ROUND(AVERAGEIFS(Keywords!$F$2:$F$140,Keywords!$K$2:$K$140,E24,Keywords!$H$2:$H$140,"<>P4 - Optional"),2),"n/a") -> n/a | M24: P2 | N24: Fridge Repair Mount Druitt | Local Technicians, Same Day | O24: =LEN(N24) -> 56 | P24: Fridge Repair in Mount Druitt | Q24: 600-800 | R24: - | S24: Yes (planned) | T24: Tier 1: Semrush demand and/or both competitors cover it. Fast has a page. See Suburb Pages tab for the unique-content checklist.
A25: 24 | B25: Week 3 (2 - 8 Nov) | C25: NEW | D25: Suburb | E25: /fridge-repair-quakers-hill/ | F25: fridge repair quakers hill | G25: <10 (not reported) | H25: n/a | I25: =COUNTIF(Keywords!$K$2:$K$140,E25) -> 0 | J25: =SUMIFS(Keywords!$D$2:$D$140,Keywords!$K$2:$K$140,E25,Keywords!$H$2:$H$140,"<>P4 - Optional") -> 0 | K25: =IFERROR(ROUND(AVERAGEIFS(Keywords!$E$2:$E$140,Keywords!$K$2:$K$140,E25,Keywords!$H$2:$H$140,"<>P4 - Optional"),1),"n/a") -> n/a | L25: =IFERROR(ROUND(AVERAGEIFS(Keywords!$F$2:$F$140,Keywords!$K$2:$K$140,E25,Keywords!$H$2:$H$140,"<>P4 - Optional"),2),"n/a") -> n/a | M25: P2 | N25: Fridge Repair Quakers Hill | Local Technicians, Same Day | O25: =LEN(N25) -> 56 | P25: Fridge Repair in Quakers Hill | Q25: 600-800 | R25: - | S25: Yes (planned) | T25: Tier 1: Semrush demand and/or both competitors cover it. Fast has a page. See Suburb Pages tab for the unique-content checklist.
A26: 25 | B26: Week 3 (2 - 8 Nov) | C26: NEW | D26: Suburb | E26: /fridge-repair-seven-hills/ | F26: fridge repair seven hills | G26: <10 (not reported) | H26: n/a | I26: =COUNTIF(Keywords!$K$2:$K$140,E26) -> 0 | J26: =SUMIFS(Keywords!$D$2:$D$140,Keywords!$K$2:$K$140,E26,Keywords!$H$2:$H$140,"<>P4 - Optional") -> 0 | K26: =IFERROR(ROUND(AVERAGEIFS(Keywords!$E$2:$E$140,Keywords!$K$2:$K$140,E26,Keywords!$H$2:$H$140,"<>P4 - Optional"),1),"n/a") -> n/a | L26: =IFERROR(ROUND(AVERAGEIFS(Keywords!$F$2:$F$140,Keywords!$K$2:$K$140,E26,Keywords!$H$2:$H$140,"<>P4 - Optional"),2),"n/a") -> n/a | M26: P2 | N26: Fridge Repair Seven Hills | Local Technicians, Same Day | O26: =LEN(N26) -> 55 | P26: Fridge Repair in Seven Hills | Q26: 600-800 | R26: - | S26: Yes (planned) | T26: Tier 1: Semrush demand and/or both competitors cover it. Fast has a page. See Suburb Pages tab for the unique-content checklist.
A27: 26 | B27: Week 4 (9 - 15 Nov) | C27: NEW | D27: Brand | E27: /electrolux-fridge-repair/ | F27: electrolux refrigerator repair near me | G27: 110 | H27: 15 | I27: =COUNTIF(Keywords!$K$2:$K$140,E27) -> 3 | J27: =SUMIFS(Keywords!$D$2:$D$140,Keywords!$K$2:$K$140,E27,Keywords!$H$2:$H$140,"<>P4 - Optional") -> 290 | K27: =IFERROR(ROUND(AVERAGEIFS(Keywords!$E$2:$E$140,Keywords!$K$2:$K$140,E27,Keywords!$H$2:$H$140,"<>P4 - Optional"),1),"n/a") -> 12.3 | L27: =IFERROR(ROUND(AVERAGEIFS(Keywords!$F$2:$F$140,Keywords!$K$2:$K$140,E27,Keywords!$H$2:$H$140,"<>P4 - Optional"),2),"n/a") -> 1.75 | M27: P2 | N27: Electrolux Fridge Repair Blacktown | Local Techs | O27: =LEN(N27) -> 48 | P27: Electrolux Fridge Repair in Blacktown | Q27: 800-1,100 | R27: electrolux repair near me, electrolux repairs near me | S27: Yes (planned) | T27: Homepage brand list has Electrolux; no page yet.
A28: 27 | B28: Week 4 (9 - 15 Nov) | C28: NEW | D28: Service | E28: /fridge-door-seal-replacement/ | F28: fridge seal repair | G28: 90 | H28: 5 | I28: =COUNTIF(Keywords!$K$2:$K$140,E28) -> 3 | J28: =SUMIFS(Keywords!$D$2:$D$140,Keywords!$K$2:$K$140,E28,Keywords!$H$2:$H$140,"<>P4 - Optional") -> 210 | K28: =IFERROR(ROUND(AVERAGEIFS(Keywords!$E$2:$E$140,Keywords!$K$2:$K$140,E28,Keywords!$H$2:$H$140,"<>P4 - Optional"),1),"n/a") -> 8.3 | L28: =IFERROR(ROUND(AVERAGEIFS(Keywords!$F$2:$F$140,Keywords!$K$2:$K$140,E28,Keywords!$H$2:$H$140,"<>P4 - Optional"),2),"n/a") -> 0.9 | M28: P2 | N28: Fridge Door Seal Replacement Blacktown | Same Day | O28: =LEN(N28) -> 49 | P28: Fridge Door Seal Replacement in Blacktown | Q28: 800-1,000 | R28: fridge seal repairs, commercial fridge seal replacement service | S28: Yes (planned) | T28: Fast, cheap job = good conversion. Residential + commercial seals.
A29: 28 | B29: Week 4 (9 - 15 Nov) | C29: NEW | D29: Service | E29: /display-fridge-repair/ | F29: display fridge repair | G29: 50 | H29: 5 | I29: =COUNTIF(Keywords!$K$2:$K$140,E29) -> 1 | J29: =SUMIFS(Keywords!$D$2:$D$140,Keywords!$K$2:$K$140,E29,Keywords!$H$2:$H$140,"<>P4 - Optional") -> 50 | K29: =IFERROR(ROUND(AVERAGEIFS(Keywords!$E$2:$E$140,Keywords!$K$2:$K$140,E29,Keywords!$H$2:$H$140,"<>P4 - Optional"),1),"n/a") -> 5 | L29: =IFERROR(ROUND(AVERAGEIFS(Keywords!$F$2:$F$140,Keywords!$K$2:$K$140,E29,Keywords!$H$2:$H$140,"<>P4 - Optional"),2),"n/a") -> 0 | M29: P3 | N29: Display Fridge Repair Blacktown | Commercial Service | O29: =LEN(N29) -> 52 | P29: Display Fridge Repair in Blacktown | Q29: 800-1,100 | R29: - | S29: Yes (planned) | T29: Footer link exists but points to #services. Combine with deli / bakery / servery cabinets.
A30: 29 | B30: Week 4 (9 - 15 Nov) | C30: NEW | D30: Suburb | E30: /fridge-repair-rooty-hill/ | F30: fridge repair rooty hill | G30: <10 (not reported) | H30: n/a | I30: =COUNTIF(Keywords!$K$2:$K$140,E30) -> 0 | J30: =SUMIFS(Keywords!$D$2:$D$140,Keywords!$K$2:$K$140,E30,Keywords!$H$2:$H$140,"<>P4 - Optional") -> 0 | K30: =IFERROR(ROUND(AVERAGEIFS(Keywords!$E$2:$E$140,Keywords!$K$2:$K$140,E30,Keywords!$H$2:$H$140,"<>P4 - Optional"),1),"n/a") -> n/a | L30: =IFERROR(ROUND(AVERAGEIFS(Keywords!$F$2:$F$140,Keywords!$K$2:$K$140,E30,Keywords!$H$2:$H$140,"<>P4 - Optional"),2),"n/a") -> n/a | M30: P3 | N30: Fridge Repair Rooty Hill | Local Technicians, Same Day | O30: =LEN(N30) -> 54 | P30: Fridge Repair in Rooty Hill | Q30: 600-800 | R30: - | S30: Yes (planned) | T30: Tier 2: one competitor covers it. Master has a page. See Suburb Pages tab for the unique-content checklist.
A31: 30 | B31: Week 4 (9 - 15 Nov) | C31: NEW | D31: Suburb | E31: /fridge-repair-plumpton/ | F31: fridge repair plumpton | G31: <10 (not reported) | H31: n/a | I31: =COUNTIF(Keywords!$K$2:$K$140,E31) -> 0 | J31: =SUMIFS(Keywords!$D$2:$D$140,Keywords!$K$2:$K$140,E31,Keywords!$H$2:$H$140,"<>P4 - Optional") -> 0 | K31: =IFERROR(ROUND(AVERAGEIFS(Keywords!$E$2:$E$140,Keywords!$K$2:$K$140,E31,Keywords!$H$2:$H$140,"<>P4 - Optional"),1),"n/a") -> n/a | L31: =IFERROR(ROUND(AVERAGEIFS(Keywords!$F$2:$F$140,Keywords!$K$2:$K$140,E31,Keywords!$H$2:$H$140,"<>P4 - Optional"),2),"n/a") -> n/a | M31: P3 | N31: Fridge Repair Plumpton | Local Technicians, Same Day | O31: =LEN(N31) -> 52 | P31: Fridge Repair in Plumpton | Q31: 600-800 | R31: - | S31: Yes (planned) | T31: Tier 2: one competitor covers it. Master has a page. See Suburb Pages tab for the unique-content checklist.
A32: 31 | B32: Week 4 (9 - 15 Nov) | C32: NEW | D32: Suburb | E32: /fridge-repair-riverstone/ | F32: fridge repair riverstone | G32: <10 (not reported) | H32: n/a | I32: =COUNTIF(Keywords!$K$2:$K$140,E32) -> 0 | J32: =SUMIFS(Keywords!$D$2:$D$140,Keywords!$K$2:$K$140,E32,Keywords!$H$2:$H$140,"<>P4 - Optional") -> 0 | K32: =IFERROR(ROUND(AVERAGEIFS(Keywords!$E$2:$E$140,Keywords!$K$2:$K$140,E32,Keywords!$H$2:$H$140,"<>P4 - Optional"),1),"n/a") -> n/a | L32: =IFERROR(ROUND(AVERAGEIFS(Keywords!$F$2:$F$140,Keywords!$K$2:$K$140,E32,Keywords!$H$2:$H$140,"<>P4 - Optional"),2),"n/a") -> n/a | M32: P3 | N32: Fridge Repair Riverstone | Local Technicians, Same Day | O32: =LEN(N32) -> 54 | P32: Fridge Repair in Riverstone | Q32: 600-800 | R32: - | S32: Yes (planned) | T32: Tier 2: one competitor covers it. Master has a page. See Suburb Pages tab for the unique-content checklist.
A33: 32 | B33: Week 4 (9 - 15 Nov) | C33: NEW | D33: Suburb | E33: /fridge-repair-prospect/ | F33: fridge repair prospect | G33: <10 (not reported) | H33: n/a | I33: =COUNTIF(Keywords!$K$2:$K$140,E33) -> 0 | J33: =SUMIFS(Keywords!$D$2:$D$140,Keywords!$K$2:$K$140,E33,Keywords!$H$2:$H$140,"<>P4 - Optional") -> 0 | K33: =IFERROR(ROUND(AVERAGEIFS(Keywords!$E$2:$E$140,Keywords!$K$2:$K$140,E33,Keywords!$H$2:$H$140,"<>P4 - Optional"),1),"n/a") -> n/a | L33: =IFERROR(ROUND(AVERAGEIFS(Keywords!$F$2:$F$140,Keywords!$K$2:$K$140,E33,Keywords!$H$2:$H$140,"<>P4 - Optional"),2),"n/a") -> n/a | M33: P3 | N33: Fridge Repair Prospect | Local Technicians, Same Day | O33: =LEN(N33) -> 52 | P33: Fridge Repair in Prospect | Q33: 600-800 | R33: - | S33: Yes (planned) | T33: Tier 2: one competitor covers it. Fast has a page. See Suburb Pages tab for the unique-content checklist.
A34: 33 | B34: Week 4 (9 - 15 Nov) | C34: NEW | D34: Suburb | E34: /fridge-repair-lalor-park/ | F34: fridge repair lalor park | G34: <10 (not reported) | H34: n/a | I34: =COUNTIF(Keywords!$K$2:$K$140,E34) -> 0 | J34: =SUMIFS(Keywords!$D$2:$D$140,Keywords!$K$2:$K$140,E34,Keywords!$H$2:$H$140,"<>P4 - Optional") -> 0 | K34: =IFERROR(ROUND(AVERAGEIFS(Keywords!$E$2:$E$140,Keywords!$K$2:$K$140,E34,Keywords!$H$2:$H$140,"<>P4 - Optional"),1),"n/a") -> n/a | L34: =IFERROR(ROUND(AVERAGEIFS(Keywords!$F$2:$F$140,Keywords!$K$2:$K$140,E34,Keywords!$H$2:$H$140,"<>P4 - Optional"),2),"n/a") -> n/a | M34: P3 | N34: Fridge Repair Lalor Park | Local Technicians, Same Day | O34: =LEN(N34) -> 54 | P34: Fridge Repair in Lalor Park | Q34: 600-800 | R34: - | S34: Yes (planned) | T34: Tier 2: one competitor covers it. Fast has a page. See Suburb Pages tab for the unique-content checklist.
A35: 34 | B35: Week 4 (9 - 15 Nov) | C35: NEW | D35: Suburb | E35: /fridge-repair-glendenning/ | F35: fridge repair glendenning | G35: <10 (not reported) | H35: n/a | I35: =COUNTIF(Keywords!$K$2:$K$140,E35) -> 0 | J35: =SUMIFS(Keywords!$D$2:$D$140,Keywords!$K$2:$K$140,E35,Keywords!$H$2:$H$140,"<>P4 - Optional") -> 0 | K35: =IFERROR(ROUND(AVERAGEIFS(Keywords!$E$2:$E$140,Keywords!$K$2:$K$140,E35,Keywords!$H$2:$H$140,"<>P4 - Optional"),1),"n/a") -> n/a | L35: =IFERROR(ROUND(AVERAGEIFS(Keywords!$F$2:$F$140,Keywords!$K$2:$K$140,E35,Keywords!$H$2:$H$140,"<>P4 - Optional"),2),"n/a") -> n/a | M35: P3 | N35: Fridge Repair Glendenning | Local Technicians, Same Day | O35: =LEN(N35) -> 55 | P35: Fridge Repair in Glendenning | Q35: 600-800 | R35: - | S35: Yes (planned) | T35: Tier 2: one competitor covers it. Fast has a page. See Suburb Pages tab for the unique-content checklist.
A36: 35 | B36: Week 5 (16 - 22 Nov) | C36: NEW | D36: Service | E36: /bar-fridge-repair/ | F36: bar fridge repairs | G36: 70 | H36: 8 | I36: =COUNTIF(Keywords!$K$2:$K$140,E36) -> 2 | J36: =SUMIFS(Keywords!$D$2:$D$140,Keywords!$K$2:$K$140,E36,Keywords!$H$2:$H$140,"<>P4 - Optional") -> 120 | K36: =IFERROR(ROUND(AVERAGEIFS(Keywords!$E$2:$E$140,Keywords!$K$2:$K$140,E36,Keywords!$H$2:$H$140,"<>P4 - Optional"),1),"n/a") -> 9.5 | L36: =IFERROR(ROUND(AVERAGEIFS(Keywords!$F$2:$F$140,Keywords!$K$2:$K$140,E36,Keywords!$H$2:$H$140,"<>P4 - Optional"),2),"n/a") -> 1.43 | M36: P3 | N36: Bar & Mini Fridge Repair Blacktown | Fast Service | O36: =LEN(N36) -> 49 | P36: Bar Fridge & Mini Fridge Repair in Blacktown | Q36: 800-1,000 | R36: mini fridge repair | S36: Yes (planned) | T36: Small but easy win (KD 8-11).
A37: 36 | B37: Week 5 (16 - 22 Nov) | C37: NEW | D37: Suburb | E37: /fridge-repair-schofields/ | F37: fridge repair schofields | G37: <10 (not reported) | H37: n/a | I37: =COUNTIF(Keywords!$K$2:$K$140,E37) -> 0 | J37: =SUMIFS(Keywords!$D$2:$D$140,Keywords!$K$2:$K$140,E37,Keywords!$H$2:$H$140,"<>P4 - Optional") -> 0 | K37: =IFERROR(ROUND(AVERAGEIFS(Keywords!$E$2:$E$140,Keywords!$K$2:$K$140,E37,Keywords!$H$2:$H$140,"<>P4 - Optional"),1),"n/a") -> n/a | L37: =IFERROR(ROUND(AVERAGEIFS(Keywords!$F$2:$F$140,Keywords!$K$2:$K$140,E37,Keywords!$H$2:$H$140,"<>P4 - Optional"),2),"n/a") -> n/a | M37: P3 | N37: Fridge Repair Schofields | Local Technicians, Same Day | O37: =LEN(N37) -> 54 | P37: Fridge Repair in Schofields | Q37: 600-800 | R37: - | S37: Yes (planned) | T37: Tier 2: one competitor covers it. Fast has a page. See Suburb Pages tab for the unique-content checklist.
A38: 37 | B38: Week 5 (16 - 22 Nov) | C38: NEW | D38: Suburb | E38: /fridge-repair-the-ponds/ | F38: fridge repair the ponds | G38: <10 (not reported) | H38: n/a | I38: =COUNTIF(Keywords!$K$2:$K$140,E38) -> 0 | J38: =SUMIFS(Keywords!$D$2:$D$140,Keywords!$K$2:$K$140,E38,Keywords!$H$2:$H$140,"<>P4 - Optional") -> 0 | K38: =IFERROR(ROUND(AVERAGEIFS(Keywords!$E$2:$E$140,Keywords!$K$2:$K$140,E38,Keywords!$H$2:$H$140,"<>P4 - Optional"),1),"n/a") -> n/a | L38: =IFERROR(ROUND(AVERAGEIFS(Keywords!$F$2:$F$140,Keywords!$K$2:$K$140,E38,Keywords!$H$2:$H$140,"<>P4 - Optional"),2),"n/a") -> n/a | M38: P3 | N38: Fridge Repair The Ponds | Local Technicians, Same Day | O38: =LEN(N38) -> 53 | P38: Fridge Repair in The Ponds | Q38: 600-800 | R38: - | S38: Yes (planned) | T38: Tier 2: one competitor covers it. Fast has a page. See Suburb Pages tab for the unique-content checklist.
A39: 38 | B39: Week 5 (16 - 22 Nov) | C39: NEW | D39: Suburb | E39: /fridge-repair-kellyville-ridge/ | F39: fridge repair kellyville ridge | G39: <10 (not reported) | H39: n/a | I39: =COUNTIF(Keywords!$K$2:$K$140,E39) -> 0 | J39: =SUMIFS(Keywords!$D$2:$D$140,Keywords!$K$2:$K$140,E39,Keywords!$H$2:$H$140,"<>P4 - Optional") -> 0 | K39: =IFERROR(ROUND(AVERAGEIFS(Keywords!$E$2:$E$140,Keywords!$K$2:$K$140,E39,Keywords!$H$2:$H$140,"<>P4 - Optional"),1),"n/a") -> n/a | L39: =IFERROR(ROUND(AVERAGEIFS(Keywords!$F$2:$F$140,Keywords!$K$2:$K$140,E39,Keywords!$H$2:$H$140,"<>P4 - Optional"),2),"n/a") -> n/a | M39: P3 | N39: Fridge Repair Kellyville Ridge | Local Technicians, Same Day | O39: =LEN(N39) -> 60 | P39: Fridge Repair in Kellyville Ridge | Q39: 600-800 | R39: - | S39: Yes (planned) | T39: Tier 2: one competitor covers it. Fast has a page. See Suburb Pages tab for the unique-content checklist.
A40: 39 | B40: Week 5 (16 - 22 Nov) | C40: NEW | D40: Suburb | E40: /fridge-repair-pendle-hill/ | F40: fridge repair pendle hill | G40: <10 (not reported) | H40: n/a | I40: =COUNTIF(Keywords!$K$2:$K$140,E40) -> 0 | J40: =SUMIFS(Keywords!$D$2:$D$140,Keywords!$K$2:$K$140,E40,Keywords!$H$2:$H$140,"<>P4 - Optional") -> 0 | K40: =IFERROR(ROUND(AVERAGEIFS(Keywords!$E$2:$E$140,Keywords!$K$2:$K$140,E40,Keywords!$H$2:$H$140,"<>P4 - Optional"),1),"n/a") -> n/a | L40: =IFERROR(ROUND(AVERAGEIFS(Keywords!$F$2:$F$140,Keywords!$K$2:$K$140,E40,Keywords!$H$2:$H$140,"<>P4 - Optional"),2),"n/a") -> n/a | M40: P3 | N40: Fridge Repair Pendle Hill | Local Technicians, Same Day | O40: =LEN(N40) -> 55 | P40: Fridge Repair in Pendle Hill | Q40: 600-800 | R40: - | S40: Yes (planned) | T40: Tier 2: one competitor covers it. Fast has a page. See Suburb Pages tab for the unique-content checklist.
A41: 40 | B41: Week 5 (16 - 22 Nov) | C41: NEW | D41: Suburb | E41: /fridge-repair-wentworthville/ | F41: fridge repair wentworthville | G41: <10 (not reported) | H41: n/a | I41: =COUNTIF(Keywords!$K$2:$K$140,E41) -> 0 | J41: =SUMIFS(Keywords!$D$2:$D$140,Keywords!$K$2:$K$140,E41,Keywords!$H$2:$H$140,"<>P4 - Optional") -> 0 | K41: =IFERROR(ROUND(AVERAGEIFS(Keywords!$E$2:$E$140,Keywords!$K$2:$K$140,E41,Keywords!$H$2:$H$140,"<>P4 - Optional"),1),"n/a") -> n/a | L41: =IFERROR(ROUND(AVERAGEIFS(Keywords!$F$2:$F$140,Keywords!$K$2:$K$140,E41,Keywords!$H$2:$H$140,"<>P4 - Optional"),2),"n/a") -> n/a | M41: P3 | N41: Fridge Repair Wentworthville | Local Technicians, Same Day | O41: =LEN(N41) -> 58 | P41: Fridge Repair in Wentworthville | Q41: 600-800 | R41: - | S41: Yes (planned) | T41: Tier 2: one competitor covers it. Fast has a page. See Suburb Pages tab for the unique-content checklist.
A42: 41 | B42: Week 6 (23 - 29 Nov) | C42: NEW | D42: Hub | E42: /fridge-repair-sydney/ | F42: fridge repair in sydney | G42: 110 | H42: 14 | I42: =COUNTIF(Keywords!$K$2:$K$140,E42) -> 15 | J42: =SUMIFS(Keywords!$D$2:$D$140,Keywords!$K$2:$K$140,E42,Keywords!$H$2:$H$140,"<>P4 - Optional") -> 160 | K42: =IFERROR(ROUND(AVERAGEIFS(Keywords!$E$2:$E$140,Keywords!$K$2:$K$140,E42,Keywords!$H$2:$H$140,"<>P4 - Optional"),1),"n/a") -> 11.5 | L42: =IFERROR(ROUND(AVERAGEIFS(Keywords!$F$2:$F$140,Keywords!$K$2:$K$140,E42,Keywords!$H$2:$H$140,"<>P4 - Optional"),2),"n/a") -> 2.01 | M42: P3 | N42: Fridge Repair Sydney | Western Sydney Technicians | O42: =LEN(N42) -> 49 | P42: Fridge Repair Across Sydney | Q42: 900-1,200 | R42: refrigerator repair sydney, fridge repairs potts point, fridge repairs double bay, fridge repairs coogee, fridge repair inner west, fridge repairs eastern suburbs, fridge repairs bondi, fridge repairs darlinghurst (+6 more in Keywords tab) | S42: No - new find | T42: One hub page for Sydney-wide + inner west / eastern suburbs searches instead of 13 thin suburb pages. Publish only if you travel there.
A43: 42 | B43: Week 6 (23 - 29 Nov) | C43: NEW | D43: Service | E43: /fridge-compressor-repair/ | F43: refrigeration compressor repairs | G43: 90 | H43: 4 | I43: =COUNTIF(Keywords!$K$2:$K$140,E43) -> 1 | J43: =SUMIFS(Keywords!$D$2:$D$140,Keywords!$K$2:$K$140,E43,Keywords!$H$2:$H$140,"<>P4 - Optional") -> 90 | K43: =IFERROR(ROUND(AVERAGEIFS(Keywords!$E$2:$E$140,Keywords!$K$2:$K$140,E43,Keywords!$H$2:$H$140,"<>P4 - Optional"),1),"n/a") -> 4 | L43: =IFERROR(ROUND(AVERAGEIFS(Keywords!$F$2:$F$140,Keywords!$K$2:$K$140,E43,Keywords!$H$2:$H$140,"<>P4 - Optional"),2),"n/a") -> 0 | M43: P3 | N43: Fridge Compressor Repair Blacktown | Fast Diagnosis | O43: =LEN(N43) -> 51 | P43: Fridge Compressor Repair & Replacement in Blacktown | Q43: 800-1,000 | R43: - | S43: No - new find | T43: Support page for regas / not-cooling / noisy fridge.
A44: 43 | B44: Week 6 (23 - 29 Nov) | C44: NEW | D44: Suburb | E44: /fridge-repair-greystanes/ | F44: fridge repair greystanes | G44: <10 (not reported) | H44: n/a | I44: =COUNTIF(Keywords!$K$2:$K$140,E44) -> 0 | J44: =SUMIFS(Keywords!$D$2:$D$140,Keywords!$K$2:$K$140,E44,Keywords!$H$2:$H$140,"<>P4 - Optional") -> 0 | K44: =IFERROR(ROUND(AVERAGEIFS(Keywords!$E$2:$E$140,Keywords!$K$2:$K$140,E44,Keywords!$H$2:$H$140,"<>P4 - Optional"),1),"n/a") -> n/a | L44: =IFERROR(ROUND(AVERAGEIFS(Keywords!$F$2:$F$140,Keywords!$K$2:$K$140,E44,Keywords!$H$2:$H$140,"<>P4 - Optional"),2),"n/a") -> n/a | M44: P3 | N44: Fridge Repair Greystanes | Local Technicians, Same Day | O44: =LEN(N44) -> 54 | P44: Fridge Repair in Greystanes | Q44: 600-800 | R44: - | S44: Yes (planned) | T44: Tier 2: one competitor covers it. Fast has a page. See Suburb Pages tab for the unique-content checklist.
A45: 44 | B45: Week 6 (23 - 29 Nov) | C45: NEW | D45: Suburb | E45: /fridge-repair-kings-park/ | F45: fridge repair kings park | G45: <10 (not reported) | H45: n/a | I45: =COUNTIF(Keywords!$K$2:$K$140,E45) -> 0 | J45: =SUMIFS(Keywords!$D$2:$D$140,Keywords!$K$2:$K$140,E45,Keywords!$H$2:$H$140,"<>P4 - Optional") -> 0 | K45: =IFERROR(ROUND(AVERAGEIFS(Keywords!$E$2:$E$140,Keywords!$K$2:$K$140,E45,Keywords!$H$2:$H$140,"<>P4 - Optional"),1),"n/a") -> n/a | L45: =IFERROR(ROUND(AVERAGEIFS(Keywords!$F$2:$F$140,Keywords!$K$2:$K$140,E45,Keywords!$H$2:$H$140,"<>P4 - Optional"),2),"n/a") -> n/a | M45: P3 | N45: Fridge Repair Kings Park | Local Technicians, Same Day | O45: =LEN(N45) -> 54 | P45: Fridge Repair in Kings Park | Q45: 600-800 | R45: - | S45: Yes (planned) | T45: Tier 3: no competitor page - lowest effort to rank, lowest volume. NO competitor has a page here - easy local win. See Suburb Pages tab for the unique-content checklist.
A46: 45 | B46: Week 6 (23 - 29 Nov) | C46: NEW | D46: Suburb | E46: /fridge-repair-marayong/ | F46: fridge repair marayong | G46: <10 (not reported) | H46: n/a | I46: =COUNTIF(Keywords!$K$2:$K$140,E46) -> 0 | J46: =SUMIFS(Keywords!$D$2:$D$140,Keywords!$K$2:$K$140,E46,Keywords!$H$2:$H$140,"<>P4 - Optional") -> 0 | K46: =IFERROR(ROUND(AVERAGEIFS(Keywords!$E$2:$E$140,Keywords!$K$2:$K$140,E46,Keywords!$H$2:$H$140,"<>P4 - Optional"),1),"n/a") -> n/a | L46: =IFERROR(ROUND(AVERAGEIFS(Keywords!$F$2:$F$140,Keywords!$K$2:$K$140,E46,Keywords!$H$2:$H$140,"<>P4 - Optional"),2),"n/a") -> n/a | M46: P3 | N46: Fridge Repair Marayong | Local Technicians, Same Day | O46: =LEN(N46) -> 52 | P46: Fridge Repair in Marayong | Q46: 600-800 | R46: - | S46: Yes (planned) | T46: Tier 3: no competitor page - lowest effort to rank, lowest volume. NO competitor has a page here - easy local win. See Suburb Pages tab for the unique-content checklist.
A47: 46 | B47: Week 6 (23 - 29 Nov) | C47: NEW | D47: Suburb | E47: /fridge-repair-kings-langley/ | F47: fridge repair kings langley | G47: <10 (not reported) | H47: n/a | I47: =COUNTIF(Keywords!$K$2:$K$140,E47) -> 0 | J47: =SUMIFS(Keywords!$D$2:$D$140,Keywords!$K$2:$K$140,E47,Keywords!$H$2:$H$140,"<>P4 - Optional") -> 0 | K47: =IFERROR(ROUND(AVERAGEIFS(Keywords!$E$2:$E$140,Keywords!$K$2:$K$140,E47,Keywords!$H$2:$H$140,"<>P4 - Optional"),1),"n/a") -> n/a | L47: =IFERROR(ROUND(AVERAGEIFS(Keywords!$F$2:$F$140,Keywords!$K$2:$K$140,E47,Keywords!$H$2:$H$140,"<>P4 - Optional"),2),"n/a") -> n/a | M47: P3 | N47: Fridge Repair Kings Langley | Local Technicians, Same Day | O47: =LEN(N47) -> 57 | P47: Fridge Repair in Kings Langley | Q47: 600-800 | R47: - | S47: Yes (planned) | T47: Tier 3: no competitor page - lowest effort to rank, lowest volume. NO competitor has a page here - easy local win. See Suburb Pages tab for the unique-content checklist.
A48: 47 | B48: Week 6 (23 - 29 Nov) | C48: NEW | D48: Suburb | E48: /fridge-repair-woodcroft/ | F48: fridge repair woodcroft | G48: <10 (not reported) | H48: n/a | I48: =COUNTIF(Keywords!$K$2:$K$140,E48) -> 0 | J48: =SUMIFS(Keywords!$D$2:$D$140,Keywords!$K$2:$K$140,E48,Keywords!$H$2:$H$140,"<>P4 - Optional") -> 0 | K48: =IFERROR(ROUND(AVERAGEIFS(Keywords!$E$2:$E$140,Keywords!$K$2:$K$140,E48,Keywords!$H$2:$H$140,"<>P4 - Optional"),1),"n/a") -> n/a | L48: =IFERROR(ROUND(AVERAGEIFS(Keywords!$F$2:$F$140,Keywords!$K$2:$K$140,E48,Keywords!$H$2:$H$140,"<>P4 - Optional"),2),"n/a") -> n/a | M48: P3 | N48: Fridge Repair Woodcroft | Local Technicians, Same Day | O48: =LEN(N48) -> 53 | P48: Fridge Repair in Woodcroft | Q48: 600-800 | R48: - | S48: Yes (planned) | T48: Tier 3: no competitor page - lowest effort to rank, lowest volume. NO competitor has a page here - easy local win. See Suburb Pages tab for the unique-content checklist.
A49: 48 | B49: Week 6 (23 - 29 Nov) | C49: NEW | D49: Suburb | E49: /fridge-repair-minchinbury/ | F49: fridge repair minchinbury | G49: <10 (not reported) | H49: n/a | I49: =COUNTIF(Keywords!$K$2:$K$140,E49) -> 0 | J49: =SUMIFS(Keywords!$D$2:$D$140,Keywords!$K$2:$K$140,E49,Keywords!$H$2:$H$140,"<>P4 - Optional") -> 0 | K49: =IFERROR(ROUND(AVERAGEIFS(Keywords!$E$2:$E$140,Keywords!$K$2:$K$140,E49,Keywords!$H$2:$H$140,"<>P4 - Optional"),1),"n/a") -> n/a | L49: =IFERROR(ROUND(AVERAGEIFS(Keywords!$F$2:$F$140,Keywords!$K$2:$K$140,E49,Keywords!$H$2:$H$140,"<>P4 - Optional"),2),"n/a") -> n/a | M49: P3 | N49: Fridge Repair Minchinbury | Local Technicians, Same Day | O49: =LEN(N49) -> 55 | P49: Fridge Repair in Minchinbury | Q49: 600-800 | R49: - | S49: Yes (planned) | T49: Tier 3: no competitor page - lowest effort to rank, lowest volume. NO competitor has a page here - easy local win. See Suburb Pages tab for the unique-content checklist.
A50: 49 | B50: Week 7 (30 Nov - 6 Dec) | C50: NEW | D50: Brand | E50: /miele-fridge-repair/ | F50: miele repair near me | G50: 110 | H50: 19 | I50: =COUNTIF(Keywords!$K$2:$K$140,E50) -> 2 | J50: =SUMIFS(Keywords!$D$2:$D$140,Keywords!$K$2:$K$140,E50,Keywords!$H$2:$H$140,"<>P4 - Optional") -> 220 | K50: =IFERROR(ROUND(AVERAGEIFS(Keywords!$E$2:$E$140,Keywords!$K$2:$K$140,E50,Keywords!$H$2:$H$140,"<>P4 - Optional"),1),"n/a") -> 19 | L50: =IFERROR(ROUND(AVERAGEIFS(Keywords!$F$2:$F$140,Keywords!$K$2:$K$140,E50,Keywords!$H$2:$H$140,"<>P4 - Optional"),2),"n/a") -> 1.53 | M50: P2 | N50: Miele Fridge Repair Blacktown & Western Sydney | O50: =LEN(N50) -> 46 | P50: Miele Fridge Repair in Blacktown | Q50: 700-900 | R50: miele repairs near me | S50: No - new find | T50: Premium brand; low volume, supports "premium brands" trust. Can be merged into one page with Smeg if time is short.
A51: 50 | B51: Week 7 (30 Nov - 6 Dec) | C51: NEW | D51: Brand | E51: /smeg-fridge-repair/ | F51: smeg repairs near me | G51: 140 | H51: 17 | I51: =COUNTIF(Keywords!$K$2:$K$140,E51) -> 1 | J51: =SUMIFS(Keywords!$D$2:$D$140,Keywords!$K$2:$K$140,E51,Keywords!$H$2:$H$140,"<>P4 - Optional") -> 140 | K51: =IFERROR(ROUND(AVERAGEIFS(Keywords!$E$2:$E$140,Keywords!$K$2:$K$140,E51,Keywords!$H$2:$H$140,"<>P4 - Optional"),1),"n/a") -> 17 | L51: =IFERROR(ROUND(AVERAGEIFS(Keywords!$F$2:$F$140,Keywords!$K$2:$K$140,E51,Keywords!$H$2:$H$140,"<>P4 - Optional"),2),"n/a") -> 1.49 | M51: P3 | N51: Smeg Fridge Repair Blacktown & Western Sydney | O51: =LEN(N51) -> 45 | P51: Smeg Fridge Repair in Blacktown | Q51: 700-900 | R51: - | S51: No - new find | T51: Can be merged with Miele into /premium-fridge-repair/ if you want fewer pages.
A52: 51 | B52: Week 7 (30 Nov - 6 Dec) | C52: NEW | D52: Suburb | E52: /fridge-repair-st-clair/ | F52: fridge repair st clair | G52: <10 (not reported) | H52: n/a | I52: =COUNTIF(Keywords!$K$2:$K$140,E52) -> 0 | J52: =SUMIFS(Keywords!$D$2:$D$140,Keywords!$K$2:$K$140,E52,Keywords!$H$2:$H$140,"<>P4 - Optional") -> 0 | K52: =IFERROR(ROUND(AVERAGEIFS(Keywords!$E$2:$E$140,Keywords!$K$2:$K$140,E52,Keywords!$H$2:$H$140,"<>P4 - Optional"),1),"n/a") -> n/a | L52: =IFERROR(ROUND(AVERAGEIFS(Keywords!$F$2:$F$140,Keywords!$K$2:$K$140,E52,Keywords!$H$2:$H$140,"<>P4 - Optional"),2),"n/a") -> n/a | M52: P3 | N52: Fridge Repair St Clair | Local Technicians, Same Day | O52: =LEN(N52) -> 52 | P52: Fridge Repair in St Clair | Q52: 600-800 | R52: - | S52: Yes (planned) | T52: Tier 3: no competitor page - lowest effort to rank, lowest volume. NO competitor has a page here - easy local win. See Suburb Pages tab for the unique-content checklist.
A53: 52 | B53: Week 7 (30 Nov - 6 Dec) | C53: NEW | D53: Suburb | E53: /fridge-repair-acacia-gardens/ | F53: fridge repair acacia gardens | G53: <10 (not reported) | H53: n/a | I53: =COUNTIF(Keywords!$K$2:$K$140,E53) -> 0 | J53: =SUMIFS(Keywords!$D$2:$D$140,Keywords!$K$2:$K$140,E53,Keywords!$H$2:$H$140,"<>P4 - Optional") -> 0 | K53: =IFERROR(ROUND(AVERAGEIFS(Keywords!$E$2:$E$140,Keywords!$K$2:$K$140,E53,Keywords!$H$2:$H$140,"<>P4 - Optional"),1),"n/a") -> n/a | L53: =IFERROR(ROUND(AVERAGEIFS(Keywords!$F$2:$F$140,Keywords!$K$2:$K$140,E53,Keywords!$H$2:$H$140,"<>P4 - Optional"),2),"n/a") -> n/a | M53: P3 | N53: Fridge Repair Acacia Gardens | Local Technicians, Same Day | O53: =LEN(N53) -> 58 | P53: Fridge Repair in Acacia Gardens | Q53: 600-800 | R53: - | S53: Yes (planned) | T53: Tier 3: no competitor page - lowest effort to rank, lowest volume. NO competitor has a page here - easy local win. See Suburb Pages tab for the unique-content checklist.
A54: 53 | B54: Week 7 (30 Nov - 6 Dec) | C54: NEW | D54: Suburb | E54: /fridge-repair-marsden-park/ | F54: fridge repair marsden park | G54: <10 (not reported) | H54: n/a | I54: =COUNTIF(Keywords!$K$2:$K$140,E54) -> 0 | J54: =SUMIFS(Keywords!$D$2:$D$140,Keywords!$K$2:$K$140,E54,Keywords!$H$2:$H$140,"<>P4 - Optional") -> 0 | K54: =IFERROR(ROUND(AVERAGEIFS(Keywords!$E$2:$E$140,Keywords!$K$2:$K$140,E54,Keywords!$H$2:$H$140,"<>P4 - Optional"),1),"n/a") -> n/a | L54: =IFERROR(ROUND(AVERAGEIFS(Keywords!$F$2:$F$140,Keywords!$K$2:$K$140,E54,Keywords!$H$2:$H$140,"<>P4 - Optional"),2),"n/a") -> n/a | M54: P3 | N54: Fridge Repair Marsden Park | Local Technicians, Same Day | O54: =LEN(N54) -> 56 | P54: Fridge Repair in Marsden Park | Q54: 600-800 | R54: - | S54: Yes (planned) | T54: Tier 3: no competitor page - lowest effort to rank, lowest volume. NO competitor has a page here - easy local win. See Suburb Pages tab for the unique-content checklist.
A55: 54 | B55: Week 7 (30 Nov - 6 Dec) | C55: NEW | D55: Suburb | E55: /fridge-repair-stanhope-gardens/ | F55: fridge repair stanhope gardens | G55: <10 (not reported) | H55: n/a | I55: =COUNTIF(Keywords!$K$2:$K$140,E55) -> 0 | J55: =SUMIFS(Keywords!$D$2:$D$140,Keywords!$K$2:$K$140,E55,Keywords!$H$2:$H$140,"<>P4 - Optional") -> 0 | K55: =IFERROR(ROUND(AVERAGEIFS(Keywords!$E$2:$E$140,Keywords!$K$2:$K$140,E55,Keywords!$H$2:$H$140,"<>P4 - Optional"),1),"n/a") -> n/a | L55: =IFERROR(ROUND(AVERAGEIFS(Keywords!$F$2:$F$140,Keywords!$K$2:$K$140,E55,Keywords!$H$2:$H$140,"<>P4 - Optional"),2),"n/a") -> n/a | M55: P3 | N55: Fridge Repair Stanhope Gardens | Local Technicians, Same Day | O55: =LEN(N55) -> 60 | P55: Fridge Repair in Stanhope Gardens | Q55: 600-800 | R55: - | S55: Yes (planned) | T55: Tier 3: no competitor page - lowest effort to rank, lowest volume. NO competitor has a page here - easy local win. See Suburb Pages tab for the unique-content checklist.
A56: 55 | B56: Week 7 (30 Nov - 6 Dec) | C56: NEW | D56: Suburb | E56: /fridge-repair-parklea/ | F56: fridge repair parklea | G56: <10 (not reported) | H56: n/a | I56: =COUNTIF(Keywords!$K$2:$K$140,E56) -> 0 | J56: =SUMIFS(Keywords!$D$2:$D$140,Keywords!$K$2:$K$140,E56,Keywords!$H$2:$H$140,"<>P4 - Optional") -> 0 | K56: =IFERROR(ROUND(AVERAGEIFS(Keywords!$E$2:$E$140,Keywords!$K$2:$K$140,E56,Keywords!$H$2:$H$140,"<>P4 - Optional"),1),"n/a") -> n/a | L56: =IFERROR(ROUND(AVERAGEIFS(Keywords!$F$2:$F$140,Keywords!$K$2:$K$140,E56,Keywords!$H$2:$H$140,"<>P4 - Optional"),2),"n/a") -> n/a | M56: P3 | N56: Fridge Repair Parklea | Local Technicians, Same Day | O56: =LEN(N56) -> 51 | P56: Fridge Repair in Parklea | Q56: 600-800 | R56: - | S56: Yes (planned) | T56: Tier 3: no competitor page - lowest effort to rank, lowest volume. NO competitor has a page here - easy local win. See Suburb Pages tab for the unique-content checklist.
A57: 56 | B57: Week 7 (30 Nov - 6 Dec) | C57: NEW | D57: Suburb | E57: /fridge-repair-toongabbie/ | F57: fridge repair toongabbie | G57: <10 (not reported) | H57: n/a | I57: =COUNTIF(Keywords!$K$2:$K$140,E57) -> 0 | J57: =SUMIFS(Keywords!$D$2:$D$140,Keywords!$K$2:$K$140,E57,Keywords!$H$2:$H$140,"<>P4 - Optional") -> 0 | K57: =IFERROR(ROUND(AVERAGEIFS(Keywords!$E$2:$E$140,Keywords!$K$2:$K$140,E57,Keywords!$H$2:$H$140,"<>P4 - Optional"),1),"n/a") -> n/a | L57: =IFERROR(ROUND(AVERAGEIFS(Keywords!$F$2:$F$140,Keywords!$K$2:$K$140,E57,Keywords!$H$2:$H$140,"<>P4 - Optional"),2),"n/a") -> n/a | M57: P3 | N57: Fridge Repair Toongabbie | Local Technicians, Same Day | O57: =LEN(N57) -> 54 | P57: Fridge Repair in Toongabbie | Q57: 600-800 | R57: - | S57: Yes (planned) | T57: Tier 3: no competitor page - lowest effort to rank, lowest volume. NO competitor has a page here - easy local win. See Suburb Pages tab for the unique-content checklist.
A58: 57 | B58: Week 8 (7 - 13 Dec) | C58: NEW | D58: Suburb | E58: /fridge-repair-campbelltown/ | F58: refrigeration technicians campbelltown | G58: 90 | H58: 8 | I58: =COUNTIF(Keywords!$K$2:$K$140,E58) -> 3 | J58: =SUMIFS(Keywords!$D$2:$D$140,Keywords!$K$2:$K$140,E58,Keywords!$H$2:$H$140,"<>P4 - Optional") -> 190 | K58: =IFERROR(ROUND(AVERAGEIFS(Keywords!$E$2:$E$140,Keywords!$K$2:$K$140,E58,Keywords!$H$2:$H$140,"<>P4 - Optional"),1),"n/a") -> 5.7 | L58: =IFERROR(ROUND(AVERAGEIFS(Keywords!$F$2:$F$140,Keywords!$K$2:$K$140,E58,Keywords!$H$2:$H$140,"<>P4 - Optional"),2),"n/a") -> 0.91 | M58: P3 | N58: Fridge Repair Campbelltown | Local Technicians, Same Day | O58: =LEN(N58) -> 56 | P58: Fridge Repair in Campbelltown | Q58: 600-800 | R58: fridge repairs campbelltown nsw, refrigerator repairs campbelltown | S58: No - new find | T58: Extended: publish only if you service this area. Both Master and Fast have a page. See Suburb Pages tab for the unique-content checklist. Confirm you service this suburb before publishing.
A59: 58 | B59: Week 8 (7 - 13 Dec) | C59: NEW | D59: Suburb | E59: /fridge-repair-bankstown/ | F59: fridge repairs bankstown | G59: 50 | H59: 5 | I59: =COUNTIF(Keywords!$K$2:$K$140,E59) -> 1 | J59: =SUMIFS(Keywords!$D$2:$D$140,Keywords!$K$2:$K$140,E59,Keywords!$H$2:$H$140,"<>P4 - Optional") -> 50 | K59: =IFERROR(ROUND(AVERAGEIFS(Keywords!$E$2:$E$140,Keywords!$K$2:$K$140,E59,Keywords!$H$2:$H$140,"<>P4 - Optional"),1),"n/a") -> 5 | L59: =IFERROR(ROUND(AVERAGEIFS(Keywords!$F$2:$F$140,Keywords!$K$2:$K$140,E59,Keywords!$H$2:$H$140,"<>P4 - Optional"),2),"n/a") -> 1.24 | M59: P3 | N59: Fridge Repair Bankstown | Local Technicians, Same Day | O59: =LEN(N59) -> 53 | P59: Fridge Repair in Bankstown | Q59: 600-800 | R59: - | S59: No - new find | T59: Extended: publish only if you service this area. Fast has a page. See Suburb Pages tab for the unique-content checklist. Confirm you service this suburb before publishing.
A60: 59 | B60: Week 8 (7 - 13 Dec) | C60: NEW | D60: Suburb | E60: /fridge-repair-bossley-park/ | F60: fridge repairs bossley park | G60: 50 | H60: 6 | I60: =COUNTIF(Keywords!$K$2:$K$140,E60) -> 1 | J60: =SUMIFS(Keywords!$D$2:$D$140,Keywords!$K$2:$K$140,E60,Keywords!$H$2:$H$140,"<>P4 - Optional") -> 50 | K60: =IFERROR(ROUND(AVERAGEIFS(Keywords!$E$2:$E$140,Keywords!$K$2:$K$140,E60,Keywords!$H$2:$H$140,"<>P4 - Optional"),1),"n/a") -> 6 | L60: =IFERROR(ROUND(AVERAGEIFS(Keywords!$F$2:$F$140,Keywords!$K$2:$K$140,E60,Keywords!$H$2:$H$140,"<>P4 - Optional"),2),"n/a") -> 0 | M60: P3 | N60: Fridge Repair Bossley Park | Local Technicians, Same Day | O60: =LEN(N60) -> 56 | P60: Fridge Repair in Bossley Park | Q60: 600-800 | R60: - | S60: No - new find | T60: Extended: publish only if you service this area. NO competitor has a page here - easy local win. See Suburb Pages tab for the unique-content checklist. Confirm you service this suburb before publishing.
A61: 60 | B61: Week 8 (7 - 13 Dec) | C61: NEW | D61: Suburb | E61: /fridge-repair-girraween/ | F61: fridge repair girraween | G61: <10 (not reported) | H61: n/a | I61: =COUNTIF(Keywords!$K$2:$K$140,E61) -> 0 | J61: =SUMIFS(Keywords!$D$2:$D$140,Keywords!$K$2:$K$140,E61,Keywords!$H$2:$H$140,"<>P4 - Optional") -> 0 | K61: =IFERROR(ROUND(AVERAGEIFS(Keywords!$E$2:$E$140,Keywords!$K$2:$K$140,E61,Keywords!$H$2:$H$140,"<>P4 - Optional"),1),"n/a") -> n/a | L61: =IFERROR(ROUND(AVERAGEIFS(Keywords!$F$2:$F$140,Keywords!$K$2:$K$140,E61,Keywords!$H$2:$H$140,"<>P4 - Optional"),2),"n/a") -> n/a | M61: P3 | N61: Fridge Repair Girraween | Local Technicians, Same Day | O61: =LEN(N61) -> 53 | P61: Fridge Repair in Girraween | Q61: 600-800 | R61: - | S61: Yes (planned) | T61: Tier 3: no competitor page - lowest effort to rank, lowest volume. NO competitor has a page here - easy local win. See Suburb Pages tab for the unique-content checklist.
A62: 61 | B62: Week 8 (7 - 13 Dec) | C62: NEW | D62: Commercial zone | E62: /commercial-refrigeration-eastern-creek-arndell-park/ | F62: commercial refrigeration repair eastern creek | G62: <10 (not reported) | H62: n/a | I62: =COUNTIF(Keywords!$K$2:$K$140,E62) -> 0 | J62: =SUMIFS(Keywords!$D$2:$D$140,Keywords!$K$2:$K$140,E62,Keywords!$H$2:$H$140,"<>P4 - Optional") -> 0 | K62: =IFERROR(ROUND(AVERAGEIFS(Keywords!$E$2:$E$140,Keywords!$K$2:$K$140,E62,Keywords!$H$2:$H$140,"<>P4 - Optional"),1),"n/a") -> n/a | L62: =IFERROR(ROUND(AVERAGEIFS(Keywords!$F$2:$F$140,Keywords!$K$2:$K$140,E62,Keywords!$H$2:$H$140,"<>P4 - Optional"),2),"n/a") -> n/a | M62: P3 | N62: Commercial Refrigeration Repair Eastern Creek & Arndell Park | O62: =LEN(N62) -> 60 | P62: Commercial Refrigeration Repair in Eastern Creek, Arndell Park & Huntingwood | Q62: 800-1,000 | R62: - | S62: No - new find | T62: Commercial angle: cafes, restaurants, warehouses, food processors in the industrial zones listed on the homepage. Tier 3: no competitor page - lowest effort to rank, lowest volume.
A63: 62 | B63: Week 1 (19 - 25 Oct) | C63: NEW | D63: Hub | E63: /service-areas/ | F63: (support page - no target keyword) | M63: P2 | N63: Service Areas | Blacktown & Western Sydney Suburbs We Cover | O63: =LEN(N63) -> 59 | P63: Areas We Service Across Blacktown & Western Sydney | Q63: 500-900 | R63: - | S63: Yes (planned) | T63: Hub page: list every suburb you service (grouped North-west / West / Central / East) with a link to its own suburb page. Gives internal links to all suburb pages and covers "Blacktown and surrounding suburbs" searches.
A64: 63 | B64: Week 2 (26 Oct - 1 Nov) | C64: NEW | D64: Support | E64: /fridge-repair-cost/ | F64: (support page - no target keyword) | M64: P2 | N64: Fridge Repair Cost Blacktown | Call-Out & Price Guide | O64: =LEN(N64) -> 53 | P64: How Much Does Fridge Repair Cost in Blacktown? | Q64: 500-900 | R64: - | S64: Yes (planned) | T64: Support page from the previous plan. No Semrush keyword at volume 50+ in the KD 0-20 filter; it still converts price-checkers. Confirm real pricing first.
A65: 64 | B65: Week 1 (19 - 25 Oct) | C65: EXISTING - optimise | D65: Service | E65: /fridge-not-cooling-repair/ | F65: (existing fault page - see notes) | M65: P1 | N65: Fridge Not Cooling? Repairs in Blacktown | Same Day | O65: =LEN(N65) -> 51 | P65: Fridge Not Cooling? Same-Day Repair in Blacktown | Q65: 500-900 | R65: - | S65: Yes (planned) | T65: EXISTING page. Fault searches are mostly informational so no Commercial / Transactional keyword at 50+ volume appeared in the KD 0-20 filter, but it converts: link it from the blog posts and the homepage fault section.
A66: 65 | B66: Week 1 (19 - 25 Oct) | C66: NEW | D66: Support | E66: /contact/ | F66: (support page - no target keyword) | M66: P2 | N66: Contact Fridge Repairs Blacktown | Call or Book Online | O66: =LEN(N66) -> 54 | P66: Contact Fridge Repairs Blacktown | Q66: 500-900 | R66: - | S66: Yes (planned) | T66: No phone number is visible on the homepage - add one site-wide. Needed for NAP / GBP consistency.
E67: TOTAL | I67: =SUM(I2:I66) -> 139 | J67: =SUM(J2:J66) -> 27010

Sheet Suburb Pages
A1: Suburb page plan - 4 tiers (Semrush AU + competitor sitemaps, 16 Oct 2026)
A2: Rule: a suburb page goes live only with unique local content. Checklist for EVERY page:
A3: 1. Real suburb details: postcode, 3-5 nearby streets / landmarks / shopping centre, typical local housing (units, townhouses, older homes) - from your own knowledge of the jobs.
A4: 2. At least 2 real jobs done in that suburb (fault, brand, fix, time to complete) + photo with suburb in the caption / alt text; add a real review from a customer in that suburb when available.
A5: 3. Own FAQ (3-5 questions that differ per suburb: travel time, same-day availability, call-out fee, common brands in that area), embedded map, phone number and booking form above the fold.
A6: 4. Internal links: to the 3 most relevant service pages, 2 brand pages, /service-areas/ and 2 neighbouring suburb pages. Link to it from /service-areas/ and the homepage area section.
A7: 5. Never copy a page and only replace the suburb name. After 8 weeks, merge or noindex any suburb page that has zero impressions in Search Console.
A9: Tier | B9: Publish Week | C9: Suburb | D9: Postcode (verify) | E9: Region | F9: On your homepage service list? | G9: URL | H9: Semrush AU vol/mo | I9: KD % | J9: Master Fridge Repairs has page? | K9: Fast Fridge Repairs has page? | L9: Best competitor visits/mo on that suburb page | M9: Priority | N9: Why this tier
A10: Tier 1 | B10: Week 2 (26 Oct - 1 Nov) | C10: Penrith | D10: 2750 | E10: West | F10: No - confirm you service it | G10: /fridge-repair-penrith/ | H10: 280 | I10: 6 | J10: Yes | K10: Yes | L10: 14 | M10: P2 | N10: Semrush demand and / or both competitors have this page
A11: Tier 1 | B11: Week 2 (26 Oct - 1 Nov) | C11: Smithfield | D11: 2164 | E11: West | F11: No - confirm you service it | G11: /fridge-repair-smithfield/ | H11: 170 | I11: 5 | J11: Yes | K11: Yes | L11: 0 | M11: P2 | N11: Semrush demand and / or both competitors have this page
A12: Tier 1 | B12: Week 2 (26 Oct - 1 Nov) | C12: Parramatta | D12: 2150 | E12: Central-west | F12: No - confirm you service it | G12: /fridge-repair-parramatta/ | H12: 140 | I12: 5 | J12: Yes | K12: Yes | L12: 6 | M12: P2 | N12: Semrush demand and / or both competitors have this page
A13: Tier 1 | B13: Week 2 (26 Oct - 1 Nov) | C13: Castle Hill | D13: 2154 | E13: Hills District | F13: No - confirm you service it | G13: /fridge-repair-castle-hill/ | H13: 140 | I13: 4 | J13: Yes | K13: Yes | L13: 13 | M13: P2 | N13: Semrush demand and / or both competitors have this page
A14: Tier 1 | B14: Week 2 (26 Oct - 1 Nov) | C14: Glenwood | D14: 2768 | E14: North-west | F14: Yes | G14: /fridge-repair-glenwood/ | H14: 70 | I14: 4 | J14: No | K14: Yes | L14: 1 | M14: P2 | N14: Semrush demand and / or both competitors have this page
A15: Tier 1 | B15: Week 2 (26 Oct - 1 Nov) | C15: Rouse Hill | D15: 2155 | E15: North-west | F15: Yes | G15: /fridge-repair-rouse-hill/ | H15: 50 | I15: 4 | J15: Yes | K15: Yes | L15: 0 | M15: P2 | N15: Semrush demand and / or both competitors have this page
A16: Tier 1 | B16: Week 3 (2 - 8 Nov) | C16: St Marys | D16: 2760 | E16: West | F16: No - confirm you service it | G16: /fridge-repair-st-marys/ | H16: 50 | I16: 6 | J16: Yes | K16: Yes | L16: 2 | M16: P2 | N16: Semrush demand and / or both competitors have this page
A17: Tier 1 | B17: Week 3 (2 - 8 Nov) | C17: Doonside | D17: 2767 | E17: West | F17: Yes | G17: /fridge-repair-doonside/ | H17: <10 (not reported) | I17: n/a | J17: Yes | K17: Yes | L17: 0 | M17: P2 | N17: Semrush demand and / or both competitors have this page
A18: Tier 1 | B18: Week 3 (2 - 8 Nov) | C18: Mount Druitt | D18: 2770 | E18: West | F18: Yes | G18: /fridge-repair-mount-druitt/ | H18: <10 (not reported) | I18: n/a | J18: No | K18: Yes | L18: 0 | M18: P2 | N18: Semrush demand and / or both competitors have this page
A19: Tier 1 | B19: Week 3 (2 - 8 Nov) | C19: Quakers Hill | D19: 2763 | E19: North-west | F19: Yes | G19: /fridge-repair-quakers-hill/ | H19: <10 (not reported) | I19: n/a | J19: No | K19: Yes | L19: 0 | M19: P2 | N19: Semrush demand and / or both competitors have this page
A20: Tier 1 | B20: Week 3 (2 - 8 Nov) | C20: Seven Hills | D20: 2147 | E20: Central | F20: Yes | G20: /fridge-repair-seven-hills/ | H20: <10 (not reported) | I20: n/a | J20: No | K20: Yes | L20: 0 | M20: P2 | N20: Semrush demand and / or both competitors have this page
A21: Tier 2 | B21: Week 3 (2 - 8 Nov) | C21: Richmond | D21: 2753 | E21: Hawkesbury | F21: No - confirm you service it | G21: /fridge-repair-richmond/ | H21: 90 | I21: 6 | J21: Yes | K21: Yes | L21: 5 | M21: P3 | N21: One competitor has this page - proven local demand, moderate effort
A22: Tier 2 | B22: Week 4 (9 - 15 Nov) | C22: Rooty Hill | D22: 2766 | E22: West | F22: Yes | G22: /fridge-repair-rooty-hill/ | H22: <10 (not reported) | I22: n/a | J22: Yes | K22: No | L22: 0 | M22: P3 | N22: One competitor has this page - proven local demand, moderate effort
A23: Tier 2 | B23: Week 4 (9 - 15 Nov) | C23: Plumpton | D23: 2761 | E23: West | F23: Yes | G23: /fridge-repair-plumpton/ | H23: <10 (not reported) | I23: n/a | J23: Yes | K23: No | L23: 0 | M23: P3 | N23: One competitor has this page - proven local demand, moderate effort
A24: Tier 2 | B24: Week 4 (9 - 15 Nov) | C24: Riverstone | D24: 2765 | E24: North-west | F24: Yes | G24: /fridge-repair-riverstone/ | H24: <10 (not reported) | I24: n/a | J24: Yes | K24: No | L24: 0 | M24: P3 | N24: One competitor has this page - proven local demand, moderate effort
A25: Tier 2 | B25: Week 4 (9 - 15 Nov) | C25: Prospect | D25: 2148 | E25: Central | F25: Yes | G25: /fridge-repair-prospect/ | H25: <10 (not reported) | I25: n/a | J25: No | K25: Yes | L25: 0 | M25: P3 | N25: One competitor has this page - proven local demand, moderate effort
A26: Tier 2 | B26: Week 4 (9 - 15 Nov) | C26: Lalor Park | D26: 2147 | E26: Central | F26: Yes | G26: /fridge-repair-lalor-park/ | H26: <10 (not reported) | I26: n/a | J26: No | K26: Yes | L26: 0 | M26: P3 | N26: One competitor has this page - proven local demand, moderate effort
A27: Tier 2 | B27: Week 4 (9 - 15 Nov) | C27: Glendenning | D27: 2761 | E27: West | F27: Yes | G27: /fridge-repair-glendenning/ | H27: <10 (not reported) | I27: n/a | J27: No | K27: Yes | L27: 0 | M27: P3 | N27: One competitor has this page - proven local demand, moderate effort
A28: Tier 2 | B28: Week 5 (16 - 22 Nov) | C28: Schofields | D28: 2762 | E28: North-west | F28: Yes | G28: /fridge-repair-schofields/ | H28: <10 (not reported) | I28: n/a | J28: No | K28: Yes | L28: 0 | M28: P3 | N28: One competitor has this page - proven local demand, moderate effort
A29: Tier 2 | B29: Week 5 (16 - 22 Nov) | C29: The Ponds | D29: 2769 | E29: North-west | F29: Yes | G29: /fridge-repair-the-ponds/ | H29: <10 (not reported) | I29: n/a | J29: No | K29: Yes | L29: 0 | M29: P3 | N29: One competitor has this page - proven local demand, moderate effort
A30: Tier 2 | B30: Week 5 (16 - 22 Nov) | C30: Kellyville Ridge | D30: 2155 | E30: North-west | F30: Yes | G30: /fridge-repair-kellyville-ridge/ | H30: <10 (not reported) | I30: n/a | J30: No | K30: Yes | L30: 0 | M30: P3 | N30: One competitor has this page - proven local demand, moderate effort
A31: Tier 2 | B31: Week 5 (16 - 22 Nov) | C31: Pendle Hill | D31: 2145 | E31: East | F31: Yes | G31: /fridge-repair-pendle-hill/ | H31: <10 (not reported) | I31: n/a | J31: No | K31: Yes | L31: 0 | M31: P3 | N31: One competitor has this page - proven local demand, moderate effort
A32: Tier 2 | B32: Week 5 (16 - 22 Nov) | C32: Wentworthville | D32: 2145 | E32: East | F32: Yes | G32: /fridge-repair-wentworthville/ | H32: <10 (not reported) | I32: n/a | J32: No | K32: Yes | L32: 0 | M32: P3 | N32: One competitor has this page - proven local demand, moderate effort
A33: Tier 2 | B33: Week 6 (23 - 29 Nov) | C33: Greystanes | D33: 2145 | E33: East | F33: Yes | G33: /fridge-repair-greystanes/ | H33: <10 (not reported) | I33: n/a | J33: No | K33: Yes | L33: 0 | M33: P3 | N33: One competitor has this page - proven local demand, moderate effort
A34: Tier 3 | B34: Week 6 (23 - 29 Nov) | C34: Kings Park | D34: 2148 | E34: Central | F34: Yes | G34: /fridge-repair-kings-park/ | H34: <10 (not reported) | I34: n/a | J34: No | K34: No | L34: - | M34: P3 | N34: No competitor page in this suburb - easy to rank, very low volume
A35: Tier 3 | B35: Week 6 (23 - 29 Nov) | C35: Marayong | D35: 2148 | E35: Central | F35: Yes | G35: /fridge-repair-marayong/ | H35: <10 (not reported) | I35: n/a | J35: No | K35: No | L35: - | M35: P3 | N35: No competitor page in this suburb - easy to rank, very low volume
A36: Tier 3 | B36: Week 6 (23 - 29 Nov) | C36: Kings Langley | D36: 2147 | E36: Central | F36: Yes | G36: /fridge-repair-kings-langley/ | H36: <10 (not reported) | I36: n/a | J36: No | K36: No | L36: - | M36: P3 | N36: No competitor page in this suburb - easy to rank, very low volume
A37: Tier 3 | B37: Week 6 (23 - 29 Nov) | C37: Woodcroft | D37: 2767 | E37: West | F37: Yes | G37: /fridge-repair-woodcroft/ | H37: <10 (not reported) | I37: n/a | J37: No | K37: No | L37: - | M37: P3 | N37: No competitor page in this suburb - easy to rank, very low volume
A38: Tier 3 | B38: Week 6 (23 - 29 Nov) | C38: Minchinbury | D38: 2770 | E38: West | F38: Yes | G38: /fridge-repair-minchinbury/ | H38: <10 (not reported) | I38: n/a | J38: No | K38: No | L38: - | M38: P3 | N38: No competitor page in this suburb - easy to rank, very low volume
A39: Tier 3 | B39: Week 7 (30 Nov - 6 Dec) | C39: St Clair | D39: 2759 | E39: West | F39: Yes | G39: /fridge-repair-st-clair/ | H39: <10 (not reported) | I39: n/a | J39: No | K39: No | L39: - | M39: P3 | N39: No competitor page in this suburb - easy to rank, very low volume
A40: Tier 3 | B40: Week 7 (30 Nov - 6 Dec) | C40: Acacia Gardens | D40: 2763 | E40: North-west | F40: Yes | G40: /fridge-repair-acacia-gardens/ | H40: <10 (not reported) | I40: n/a | J40: No | K40: No | L40: - | M40: P3 | N40: No competitor page in this suburb - easy to rank, very low volume
A41: Tier 3 | B41: Week 7 (30 Nov - 6 Dec) | C41: Marsden Park | D41: 2765 | E41: North-west | F41: Yes | G41: /fridge-repair-marsden-park/ | H41: <10 (not reported) | I41: n/a | J41: No | K41: No | L41: - | M41: P3 | N41: No competitor page in this suburb - easy to rank, very low volume
A42: Tier 3 | B42: Week 7 (30 Nov - 6 Dec) | C42: Stanhope Gardens | D42: 2768 | E42: North-west | F42: Yes | G42: /fridge-repair-stanhope-gardens/ | H42: <10 (not reported) | I42: n/a | J42: No | K42: No | L42: - | M42: P3 | N42: No competitor page in this suburb - easy to rank, very low volume
A43: Tier 3 | B43: Week 7 (30 Nov - 6 Dec) | C43: Parklea | D43: 2768 | E43: North-west | F43: Yes | G43: /fridge-repair-parklea/ | H43: <10 (not reported) | I43: n/a | J43: No | K43: No | L43: - | M43: P3 | N43: No competitor page in this suburb - easy to rank, very low volume
A44: Tier 3 | B44: Week 7 (30 Nov - 6 Dec) | C44: Toongabbie | D44: 2146 | E44: East | F44: Yes | G44: /fridge-repair-toongabbie/ | H44: <10 (not reported) | I44: n/a | J44: No | K44: No | L44: - | M44: P3 | N44: No competitor page in this suburb - easy to rank, very low volume
A45: Tier 3 | B45: Week 8 (7 - 13 Dec) | C45: Girraween | D45: 2145 | E45: East | F45: Yes | G45: /fridge-repair-girraween/ | H45: <10 (not reported) | I45: n/a | J45: No | K45: No | L45: - | M45: P3 | N45: No competitor page in this suburb - easy to rank, very low volume
A46: Tier 3 | B46: Week 8 (7 - 13 Dec) | C46: Eastern Creek / Arndell Park / Huntingwood | D46: 2766 / 2148 / 2148 | E46: Industrial zones | F46: Yes | G46: /commercial-refrigeration-eastern-creek-arndell-park/ | H46: <10 (not reported) | I46: n/a | J46: No | K46: No | L46: - | M46: P3 | N46: No competitor page in this suburb - easy to rank, very low volume
A47: Extended | B47: Week 8 (7 - 13 Dec) | C47: Campbelltown | D47: 2560 | E47: South-west | F47: No - confirm you service it | G47: /fridge-repair-campbelltown/ | H47: 190 | I47: 4 | J47: Yes | K47: Yes | L47: 19 | M47: P3 | N47: Outside core area - publish only if you service it
A48: Extended | B48: Week 8 (7 - 13 Dec) | C48: Bankstown | D48: 2200 | E48: South-west | F48: No - confirm you service it | G48: /fridge-repair-bankstown/ | H48: 50 | I48: 5 | J48: No | K48: Yes | L48: 0 | M48: P3 | N48: Outside core area - publish only if you service it
A49: Extended | B49: Week 8 (7 - 13 Dec) | C49: Bossley Park | D49: 2176 | E49: West | F49: No - confirm you service it | G49: /fridge-repair-bossley-park/ | H49: 50 | I49: 6 | J49: No | K49: No | L49: - | M49: P3 | N49: Outside core area - publish only if you service it
A51: Green cells = no competitor page for that suburb yet. Postcodes marked "verify": confirm before publishing. "<10 (not reported)" = Semrush shows the keyword but no volume.

Sheet Keywords
A1: # | B1: Keyword | C1: Search Intent (Semrush) | D1: Volume (AU/mo) | E1: KD % | F1: CPC (USD) | G1: Opportunity Score | H1: Priority | I1: Cluster | J1: Local Relevance | K1: Target Page | L1: Page Status | M1: Role | N1: In previous plan? | O1: Previous plan target page
A2: 1 | B2: fridge repairs near me | C2: Transactional | D2: 2400 | E2: 12 | F2: 2.11 | G2: =ROUND(D2*(100-E2)/100,0) -> 2112 | H2: P1 | I2: Near Me / Mechanic | J2: Core | K2: / | L2: EXISTING PAGE | M2: PRIMARY | N2: Yes | O2: /
A3: 2 | B3: fridge repairs | C3: Commercial | D3: 1600 | E3: 16 | F3: 1.98 | G3: =ROUND(D3*(100-E3)/100,0) -> 1344 | H3: P1 | I3: Core Fridge Repair | J3: Core | K3: / | L3: EXISTING PAGE | M3: Secondary | N3: No - new find
A4: 3 | B4: fridge repair | C4: Commercial | D4: 1300 | E4: 14 | F4: 1.98 | G4: =ROUND(D4*(100-E4)/100,0) -> 1118 | H4: P1 | I4: Core Fridge Repair | J4: Core | K4: / | L4: EXISTING PAGE | M4: Secondary | N4: No - new find
A5: 4 | B5: fisher and paykel fridge repairs | C5: Transactional | D5: 1000 | E5: 12 | F5: 1.46 | G5: =ROUND(D5*(100-E5)/100,0) -> 880 | H5: P1 | I5: Brands | J5: Core | K5: /fisher-paykel-fridge-repair/ | L5: NEW PAGE | M5: PRIMARY | N5: Yes | O5: /fisher-and-paykel-fridge-repair/
A6: 5 | B6: repair refrigerator service | C6: Commercial | D6: 720 | E6: 13 | F6: 3.22 | G6: =ROUND(D6*(100-E6)/100,0) -> 626 | H6: P1 | I6: Residential Service | J6: Core | K6: /residential-fridge-repair/ | L6: EXISTING PAGE | M6: PRIMARY | N6: No - new find
A7: 6 | B7: commercial refrigeration repair | C7: Commercial | D7: 720 | E7: 14 | F7: 10.31 | G7: =ROUND(D7*(100-E7)/100,0) -> 619 | H7: P1 | I7: Commercial Refrigeration | J7: Core | K7: /commercial-fridge-repair-blacktown/ | L7: EXISTING PAGE | M7: PRIMARY | N7: Yes | O7: /commercial-fridge-repair-blacktown/
A8: 7 | B8: fridge service and repair | C8: Commercial | D8: 720 | E8: 15 | F8: 2.47 | G8: =ROUND(D8*(100-E8)/100,0) -> 612 | H8: P1 | I8: Residential Service | J8: Core | K8: /residential-fridge-repair/ | L8: EXISTING PAGE | M8: Secondary | N8: No - new find
A9: 8 | B9: commercial freezer repair | C9: Commercial | D9: 590 | E9: 10 | F9: 10.78 | G9: =ROUND(D9*(100-E9)/100,0) -> 531 | H9: P1 | I9: Commercial Refrigeration | J9: Core | K9: /commercial-fridge-repair-blacktown/ | L9: EXISTING PAGE | M9: Secondary | N9: Yes | O9: /commercial-fridge-repair-blacktown/
A10: 9 | B10: westinghouse refrigerator repairs | C10: Commercial | D10: 590 | E10: 13 | F10: 2.38 | G10: =ROUND(D10*(100-E10)/100,0) -> 513 | H10: P1 | I10: Brands | J10: Core | K10: /westinghouse-fridge-repair/ | L10: NEW PAGE | M10: PRIMARY | N10: No - new find
A11: 10 | B11: fisher & paykel fridge repairs | C11: Transactional | D11: 590 | E11: 15 | F11: 1.48 | G11: =ROUND(D11*(100-E11)/100,0) -> 502 | H11: P1 | I11: Brands | J11: Core | K11: /fisher-paykel-fridge-repair/ | L11: NEW PAGE | M11: Secondary | N11: No - new find
A12: 11 | B12: fisher and paykel refrigerator repair | C12: Transactional | D12: 590 | E12: 17 | F12: 1.48 | G12: =ROUND(D12*(100-E12)/100,0) -> 490 | H12: P1 | I12: Brands | J12: Core | K12: /fisher-paykel-fridge-repair/ | L12: NEW PAGE | M12: Secondary | N12: Yes | O12: /fisher-and-paykel-fridge-repair/
A13: 12 | B13: commercial fridge repair | C13: Commercial | D13: 590 | E13: 18 | F13: 10.78 | G13: =ROUND(D13*(100-E13)/100,0) -> 484 | H13: P1 | I13: Commercial Refrigeration | J13: Core | K13: /commercial-fridge-repair-blacktown/ | L13: EXISTING PAGE | M13: Secondary | N13: Yes | O13: /commercial-fridge-repair-blacktown/
A14: 13 | B14: freezer repair | C14: Commercial | D14: 480 | E14: 7 | F14: 2.26 | G14: =ROUND(D14*(100-E14)/100,0) -> 446 | H14: P1 | I14: Freezer | J14: Core | K14: /freezer-repair-blacktown/ | L14: EXISTING PAGE | M14: PRIMARY | N14: No - new find
A15: 14 | B15: refrigerator mechanic near me | C15: Transactional | D15: 480 | E15: 16 | F15: 2.33 | G15: =ROUND(D15*(100-E15)/100,0) -> 403 | H15: P1 | I15: Near Me / Mechanic | J15: Core | K15: / | L15: EXISTING PAGE | M15: Secondary | N15: No - new find
A16: 15 | B16: commercial refrigeration repairs | C16: Commercial | D16: 480 | E16: 17 | F16: 6.91 | G16: =ROUND(D16*(100-E16)/100,0) -> 398 | H16: P1 | I16: Commercial Refrigeration | J16: Core | K16: /commercial-fridge-repair-blacktown/ | L16: EXISTING PAGE | M16: Secondary | N16: No - new find
A17: 16 | B17: refrigerator repair service | C17: Commercial | D17: 480 | E17: 18 | F17: 2.47 | G17: =ROUND(D17*(100-E17)/100,0) -> 394 | H17: P1 | I17: Residential Service | J17: Core | K17: /residential-fridge-repair/ | L17: EXISTING PAGE | M17: Secondary | N17: No - new find
A18: 17 | B18: commercial refrigeration services | C18: Commercial | D18: 390 | E18: 18 | F18: 6.45 | G18: =ROUND(D18*(100-E18)/100,0) -> 320 | H18: P1 | I18: Commercial Refrigeration | J18: Core | K18: /commercial-fridge-repair-blacktown/ | L18: EXISTING PAGE | M18: Secondary | N18: No - new find
A19: 18 | B19: refrigerator ice machine repair | C19: Transactional | D19: 320 | E19: 6 | F19: 4.16 | G19: =ROUND(D19*(100-E19)/100,0) -> 301 | H19: P1 | I19: Ice Machine | J19: Core | K19: /ice-machine-repair/ | L19: NEW PAGE | M19: PRIMARY | N19: No - new find
A20: 19 | B20: fridge technician near me | C20: Transactional | D20: 320 | E20: 16 | F20: 2.34 | G20: =ROUND(D20*(100-E20)/100,0) -> 269 | H20: P1 | I20: Near Me / Mechanic | J20: Core | K20: / | L20: EXISTING PAGE | M20: Secondary | N20: Yes | O20: /
A21: 20 | B21: fridge mechanic | C21: Commercial | D21: 260 | E21: 10 | F21: 2.14 | G21: =ROUND(D21*(100-E21)/100,0) -> 234 | H21: P1 | I21: Near Me / Mechanic | J21: Core | K21: / | L21: EXISTING PAGE | M21: Secondary | N21: No - new find
A22: 21 | B22: lg fridge repair near me | C22: Transactional | D22: 260 | E22: 11 | F22: 1.58 | G22: =ROUND(D22*(100-E22)/100,0) -> 231 | H22: P1 | I22: Brands | J22: Core | K22: /lg-fridge-repair/ | L22: NEW PAGE | M22: PRIMARY | N22: Yes | O22: /lg-fridge-repair/
A23: 22 | B23: lg fridge repairs near me | C23: Transactional | D23: 260 | E23: 11 | F23: 1.58 | G23: =ROUND(D23*(100-E23)/100,0) -> 231 | H23: P1 | I23: Brands | J23: Core | K23: /lg-fridge-repair/ | L23: NEW PAGE | M23: Secondary | N23: No - new find
A24: 23 | B24: lg refrigerator repair near me | C24: Transactional | D24: 260 | E24: 11 | F24: 1.58 | G24: =ROUND(D24*(100-E24)/100,0) -> 231 | H24: P1 | I24: Brands | J24: Core | K24: /lg-fridge-repair/ | L24: NEW PAGE | M24: Secondary | N24: No - new find
A25: 24 | B25: fisher and paykel appliance repairs | C25: Transactional / Navigational | D25: 260 | E25: 17 | F25: 1.51 | G25: =ROUND(D25*(100-E25)/100,0) -> 216 | H25: P1 | I25: Brands | J25: Core | K25: /fisher-paykel-fridge-repair/ | L25: NEW PAGE | M25: Secondary | N25: No - new find
A26: 25 | B26: fisher and paykel repair service near me | C26: Transactional / Navigational | D26: 260 | E26: 17 | F26: 1.59 | G26: =ROUND(D26*(100-E26)/100,0) -> 216 | H26: P1 | I26: Brands | J26: Core | K26: /fisher-paykel-fridge-repair/ | L26: NEW PAGE | M26: Secondary | N26: No - new find
A27: 26 | B27: fisher and paykel service repair | C27: Transactional / Navigational | D27: 260 | E27: 17 | F27: 1.51 | G27: =ROUND(D27*(100-E27)/100,0) -> 216 | H27: P1 | I27: Brands | J27: Core | K27: /fisher-paykel-fridge-repair/ | L27: NEW PAGE | M27: Secondary | N27: No - new find
A28: 27 | B28: fisher paykel appliance repair near me | C28: Transactional | D28: 210 | E28: 4 | F28: 1.66 | G28: =ROUND(D28*(100-E28)/100,0) -> 202 | H28: P1 | I28: Brands | J28: Core | K28: /fisher-paykel-fridge-repair/ | L28: NEW PAGE | M28: Secondary | N28: No - new find
A29: 28 | B29: emergency commercial refrigeration repair | C29: Commercial | D29: 210 | E29: 5 | F29: 0 | G29: =ROUND(D29*(100-E29)/100,0) -> 200 | H29: P1 | I29: Emergency / Same-day | J29: Core | K29: /emergency-fridge-repair/ | L29: EXISTING PAGE | M29: PRIMARY | N29: No - new find
A30: 29 | B30: refrigeration service | C30: Commercial | D30: 210 | E30: 6 | F30: 3.83 | G30: =ROUND(D30*(100-E30)/100,0) -> 197 | H30: P1 | I30: Residential Service | J30: Core | K30: /residential-fridge-repair/ | L30: EXISTING PAGE | M30: Secondary | N30: No - new find
A31: 30 | B31: ice machine repair | C31: Commercial | D31: 210 | E31: 6 | F31: 4.16 | G31: =ROUND(D31*(100-E31)/100,0) -> 197 | H31: P1 | I31: Ice Machine | J31: Core | K31: /ice-machine-repair/ | L31: NEW PAGE | M31: Secondary | N31: Yes | O31: /ice-machine-repair/
A32: 31 | B32: refrigerator commercial repair | C32: Commercial | D32: 210 | E32: 9 | F32: 13.59 | G32: =ROUND(D32*(100-E32)/100,0) -> 191 | H32: P1 | I32: Commercial Refrigeration | J32: Core | K32: /commercial-fridge-repair-blacktown/ | L32: EXISTING PAGE | M32: Secondary | N32: No - new find
A33: 32 | B33: samsung fridge repair near me | C33: Transactional | D33: 210 | E33: 10 | F33: 1.49 | G33: =ROUND(D33*(100-E33)/100,0) -> 189 | H33: P1 | I33: Brands | J33: Core | K33: /samsung-fridge-repair/ | L33: NEW PAGE | M33: PRIMARY | N33: Yes | O33: /samsung-fridge-repair/
A34: 33 | B34: refridgerator repairs | C34: Commercial | D34: 210 | E34: 12 | F34: 2.44 | G34: =ROUND(D34*(100-E34)/100,0) -> 185 | H34: P1 | I34: Residential Service | J34: Core | K34: /residential-fridge-repair/ | L34: EXISTING PAGE | M34: Secondary | N34: No - new find
A35: 34 | B35: mobile fridge repairs near me | C35: Transactional | D35: 210 | E35: 13 | F35: 1.83 | G35: =ROUND(D35*(100-E35)/100,0) -> 183 | H35: P1 | I35: Near Me / Mechanic | J35: Core | K35: /mobile-fridge-repair/ | L35: NEW PAGE | M35: PRIMARY | N35: No - new find
A36: 35 | B36: refigerator repair | C36: Commercial | D36: 210 | E36: 15 | F36: 2.44 | G36: =ROUND(D36*(100-E36)/100,0) -> 179 | H36: P1 | I36: Residential Service | J36: Core | K36: /residential-fridge-repair/ | L36: EXISTING PAGE | M36: Secondary | N36: No - new find
A37: 36 | B37: repair fridges | C37: Commercial | D37: 210 | E37: 19 | F37: 2.44 | G37: =ROUND(D37*(100-E37)/100,0) -> 170 | H37: P1 | I37: Residential Service | J37: Core | K37: /residential-fridge-repair/ | L37: EXISTING PAGE | M37: Secondary | N37: No - new find
A38: 37 | B38: fisher paykel repair near me | C38: Transactional | D38: 170 | E38: 5 | F38: 1.66 | G38: =ROUND(D38*(100-E38)/100,0) -> 162 | H38: P2 | I38: Brands | J38: Core | K38: /fisher-paykel-fridge-repair/ | L38: NEW PAGE | M38: Secondary | N38: No - new find
A39: 38 | B39: fridge repairs smithfield | C39: Commercial | D39: 170 | E39: 5 | F39: 0 | G39: =ROUND(D39*(100-E39)/100,0) -> 162 | H39: P2 | I39: Local - Western Sydney | J39: Extended | K39: /fridge-repair-smithfield/ | L39: NEW PAGE | M39: PRIMARY | N39: No - new find
A40: 39 | B40: technician for fridge | C40: Commercial | D40: 170 | E40: 9 | F40: 2.35 | G40: =ROUND(D40*(100-E40)/100,0) -> 155 | H40: P2 | I40: Near Me / Mechanic | J40: Core | K40: / | L40: EXISTING PAGE | M40: Secondary | N40: No - new find
A41: 40 | B41: refrigerator freezer repair | C41: Commercial | D41: 170 | E41: 9 | F41: 1.87 | G41: =ROUND(D41*(100-E41)/100,0) -> 155 | H41: P2 | I41: Residential Service | J41: Core | K41: /residential-fridge-repair/ | L41: EXISTING PAGE | M41: Secondary | N41: No - new find
A42: 41 | B42: refrigerator refrigerator repair | C42: Commercial | D42: 170 | E42: 9 | F42: 2.44 | G42: =ROUND(D42*(100-E42)/100,0) -> 155 | H42: P2 | I42: Residential Service | J42: Core | K42: /residential-fridge-repair/ | L42: EXISTING PAGE | M42: Secondary | N42: No - new find
A43: 42 | B43: commercial fridge service | C43: Commercial | D43: 170 | E43: 12 | F43: 11.94 | G43: =ROUND(D43*(100-E43)/100,0) -> 150 | H43: P1 | I43: Commercial Refrigeration | J43: Core | K43: /commercial-fridge-repair-blacktown/ | L43: EXISTING PAGE | M43: Secondary | N43: No - new find
A44: 43 | B44: refrigerator service | C44: Commercial | D44: 170 | E44: 16 | F44: 3.83 | G44: =ROUND(D44*(100-E44)/100,0) -> 143 | H44: P2 | I44: Residential Service | J44: Core | K44: /residential-fridge-repair/ | L44: EXISTING PAGE | M44: Secondary | N44: No - new find
A45: 44 | B45: fridge freezer repairs | C45: Commercial | D45: 170 | E45: 17 | F45: 1.87 | G45: =ROUND(D45*(100-E45)/100,0) -> 141 | H45: P2 | I45: Residential Service | J45: Core | K45: /residential-fridge-repair/ | L45: EXISTING PAGE | M45: Secondary | N45: No - new find
... A47: 46 | B47: coolroom repairs near me | C47: Transactional | D47: 170 | E47: 20 | F47: 15.15 | G47: =ROUND(D47*(100-E47)/100,0) -> 136 | H47: P1 | I47: Coolroom / Cold Room | J47: Core | K47: /coolroom-repair/ | L47: NEW PAGE | M47: PRIMARY | N47: No - new find
A48: 47 | B48: fridge repairs parramatta | C48: Commercial | D48: 140 | E48: 5 | F48: 2.62 | G48: =ROUND(D48*(100-E48)/100,0) -> 133 | H48: P2 | I48: Local - Western Sydney | J48: Extended | K48: /fridge-repair-parramatta/ | L48: NEW PAGE | M48: PRIMARY | N48: Yes | O48: /service-areas/ (own page in Month 3+)
A49: 48 | B49: refrigerator regas | C49: Commercial | D49: 140 | E49: 7 | F49: 1.53 | G49: =ROUND(D49*(100-E49)/100,0) -> 130 | H49: P2 | I49: Regas / Compressor / Seals | J49: Core | K49: /fridge-regas/ | L49: EXISTING PAGE | M49: PRIMARY | N49: No - new find
A50: 49 | B50: fridge repairs penrith | C50: Commercial | D50: 140 | E50: 7 | F50: 1.5 | G50: =ROUND(D50*(100-E50)/100,0) -> 130 | H50: P2 | I50: Local - Western Sydney | J50: Extended | K50: /fridge-repair-penrith/ | L50: NEW PAGE | M50: PRIMARY | N50: Yes | O50: /service-areas/ (own page in Month 3+)
A51: 50 | B51: commercial freezer repairs | C51: Commercial | D51: 140 | E51: 8 | F51: 10.78 | G51: =ROUND(D51*(100-E51)/100,0) -> 129 | H51: P1 | I51: Commercial Refrigeration | J51: Core | K51: /commercial-fridge-repair-blacktown/ | L51: EXISTING PAGE | M51: Secondary | N51: No - new find
A52: 51 | B52: ice machine repairs | C52: Commercial | D52: 140 | E52: 9 | F52: 4.16 | G52: =ROUND(D52*(100-E52)/100,0) -> 127 | H52: P2 | I52: Ice Machine | J52: Core | K52: /ice-machine-repair/ | L52: NEW PAGE | M52: Secondary | N52: No - new find
A53: 52 | B53: westinghouse fridge repairs near me | C53: Transactional | D53: 140 | E53: 11 | F53: 1.9 | G53: =ROUND(D53*(100-E53)/100,0) -> 125 | H53: P2 | I53: Brands | J53: Core | K53: /westinghouse-fridge-repair/ | L53: NEW PAGE | M53: Secondary | N53: No - new find
A54: 53 | B54: fridge repair service | C54: Commercial | D54: 140 | E54: 16 | F54: 2.77 | G54: =ROUND(D54*(100-E54)/100,0) -> 118 | H54: P2 | I54: Residential Service | J54: Core | K54: /residential-fridge-repair/ | L54: EXISTING PAGE | M54: Secondary | N54: No - new find
A55: 54 | B55: commercial refrigeration repair near me | C55: Transactional | D55: 140 | E55: 16 | F55: 11.37 | G55: =ROUND(D55*(100-E55)/100,0) -> 118 | H55: P1 | I55: Commercial Refrigeration | J55: Core | K55: /commercial-fridge-repair-blacktown/ | L55: EXISTING PAGE | M55: Secondary | N55: Yes | O55: /commercial-fridge-repair-blacktown/
A56: 55 | B56: samsung refrigerator repair near me | C56: Transactional | D56: 140 | E56: 16 | F56: 1.49 | G56: =ROUND(D56*(100-E56)/100,0) -> 118 | H56: P2 | I56: Brands | J56: Core | K56: /samsung-fridge-repair/ | L56: NEW PAGE | M56: Secondary | N56: No - new find
A57: 56 | B57: repairs for fridge freezers | C57: Commercial | D57: 140 | E57: 17 | F57: 1.87 | G57: =ROUND(D57*(100-E57)/100,0) -> 116 | H57: P2 | I57: Residential Service | J57: Core | K57: /residential-fridge-repair/ | L57: EXISTING PAGE | M57: Secondary | N57: No - new find
A58: 57 | B58: commercial freezer repair near me | C58: Transactional | D58: 140 | E58: 17 | F58: 9.33 | G58: =ROUND(D58*(100-E58)/100,0) -> 116 | H58: P1 | I58: Commercial Refrigeration | J58: Core | K58: /commercial-fridge-repair-blacktown/ | L58: EXISTING PAGE | M58: Secondary | N58: Yes | O58: /commercial-fridge-repair-blacktown/
A59: 58 | B59: commercial fridge repair near me | C59: Transactional | D59: 140 | E59: 17 | F59: 9.33 | G59: =ROUND(D59*(100-E59)/100,0) -> 116 | H59: P1 | I59: Commercial Refrigeration | J59: Core | K59: /commercial-fridge-repair-blacktown/ | L59: EXISTING PAGE | M59: Secondary | N59: Yes | O59: /commercial-fridge-repair-blacktown/
A60: 59 | B60: fisher and paykel repairs near me | C60: Transactional | D60: 140 | E60: 17 | F60: 1.46 | G60: =ROUND(D60*(100-E60)/100,0) -> 116 | H60: P2 | I60: Brands | J60: Core | K60: /fisher-paykel-fridge-repair/ | L60: NEW PAGE | M60: Secondary | N60: No - new find
A61: 60 | B61: smeg repairs near me | C61: Transactional | D61: 140 | E61: 17 | F61: 1.49 | G61: =ROUND(D61*(100-E61)/100,0) -> 116 | H61: P2 | I61: Brands | J61: Core | K61: /smeg-fridge-repair/ | L61: NEW PAGE | M61: PRIMARY | N61: No - new find
A62: 61 | B62: cool room repair | C62: Commercial | D62: 140 | E62: 18 | F62: 10.15 | G62: =ROUND(D62*(100-E62)/100,0) -> 115 | H62: P1 | I62: Coolroom / Cold Room | J62: Core | K62: /coolroom-repair/ | L62: NEW PAGE | M62: Secondary | N62: No - new find
A63: 62 | B63: fridge repairs potts point | C63: Commercial | D63: 110 | E63: 5 | F63: 0 | G63: =ROUND(D63*(100-E63)/100,0) -> 105 | H63: P4 - Optional | I63: Local - Sydney Wide | J63: Low relevance | K63: /fridge-repair-sydney/ | L63: NEW PAGE | M63: Secondary | N63: No - new find
A64: 63 | B64: fridge repairs blacktown | C64: Commercial | D64: 110 | E64: 6 | F64: 1.38 | G64: =ROUND(D64*(100-E64)/100,0) -> 103 | H64: P2 | I64: Local - Blacktown | J64: Core | K64: / | L64: EXISTING PAGE | M64: Secondary | N64: Yes | O64: /
A65: 64 | B65: ice machine service | C65: Commercial | D65: 110 | E65: 6 | F65: 7.53 | G65: =ROUND(D65*(100-E65)/100,0) -> 103 | H65: P1 | I65: Ice Machine | J65: Core | K65: /ice-machine-repair/ | L65: NEW PAGE | M65: Secondary | N65: No - new find
A66: 65 | B66: fridge repair tech | C66: Commercial | D66: 110 | E66: 7 | F66: 0 | G66: =ROUND(D66*(100-E66)/100,0) -> 102 | H66: P2 | I66: Near Me / Mechanic | J66: Core | K66: / | L66: EXISTING PAGE | M66: Secondary | N66: No - new find
A67: 66 | B67: refrigerator repairing near me | C67: Transactional | D67: 110 | E67: 9 | F67: 2.11 | G67: =ROUND(D67*(100-E67)/100,0) -> 100 | H67: P2 | I67: Near Me / Mechanic | J67: Core | K67: / | L67: EXISTING PAGE | M67: Secondary | N67: No - new find
A68: 67 | B68: westinghouse repairs near me | C68: Transactional | D68: 110 | E68: 10 | F68: 1.63 | G68: =ROUND(D68*(100-E68)/100,0) -> 99 | H68: P2 | I68: Brands | J68: Core | K68: /westinghouse-fridge-repair/ | L68: NEW PAGE | M68: Secondary | N68: No - new find
A69: 68 | B69: fridge repair and services | C69: Commercial | D69: 110 | E69: 11 | F69: 2.47 | G69: =ROUND(D69*(100-E69)/100,0) -> 98 | H69: P2 | I69: Residential Service | J69: Core | K69: /residential-fridge-repair/ | L69: EXISTING PAGE | M69: Secondary | N69: No - new find
A70: 69 | B70: fridge repair in sydney | C70: Commercial | D70: 110 | E70: 14 | F70: 2.01 | G70: =ROUND(D70*(100-E70)/100,0) -> 95 | H70: P2 | I70: Local - Sydney Wide | J70: Extended | K70: /fridge-repair-sydney/ | L70: NEW PAGE | M70: PRIMARY | N70: No - new find
A71: 70 | B71: electrolux refrigerator repair near me | C71: Transactional | D71: 110 | E71: 15 | F71: 1.75 | G71: =ROUND(D71*(100-E71)/100,0) -> 94 | H71: P2 | I71: Brands | J71: Core | K71: /electrolux-fridge-repair/ | L71: NEW PAGE | M71: PRIMARY | N71: No - new find
A72: 71 | B72: refrigeration repair service near me | C72: Transactional | D72: 110 | E72: 16 | F72: 2.99 | G72: =ROUND(D72*(100-E72)/100,0) -> 92 | H72: P2 | I72: Near Me / Mechanic | J72: Core | K72: / | L72: EXISTING PAGE | M72: Secondary | N72: No - new find
A73: 72 | B73: miele repair near me | C73: Transactional / Navigational | D73: 110 | E73: 19 | F73: 1.53 | G73: =ROUND(D73*(100-E73)/100,0) -> 89 | H73: P2 | I73: Brands | J73: Core | K73: /miele-fridge-repair/ | L73: NEW PAGE | M73: PRIMARY | N73: No - new find
A74: 73 | B74: miele repairs near me | C74: Transactional / Navigational | D74: 110 | E74: 19 | F74: 1.53 | G74: =ROUND(D74*(100-E74)/100,0) -> 89 | H74: P2 | I74: Brands | J74: Core | K74: /miele-fridge-repair/ | L74: NEW PAGE | M74: Secondary | N74: No - new find
A75: 74 | B75: refrigeration compressor repairs | C75: Transactional | D75: 90 | E75: 4 | F75: 0 | G75: =ROUND(D75*(100-E75)/100,0) -> 86 | H75: P2 | I75: Regas / Compressor / Seals | J75: Core | K75: /fridge-compressor-repair/ | L75: NEW PAGE | M75: PRIMARY | N75: No - new find
A76: 75 | B76: commercial cool room repairs | C76: Commercial | D76: 90 | E76: 4 | F76: 3.6 | G76: =ROUND(D76*(100-E76)/100,0) -> 86 | H76: P2 | I76: Coolroom / Cold Room | J76: Core | K76: /coolroom-repair/ | L76: NEW PAGE | M76: Secondary | N76: No - new find
... A91: 90 | B91: electrolux repairs near me | C91: Transactional | D91: 90 | E91: 13 | F91: 1.75 | G91: =ROUND(D91*(100-E91)/100,0) -> 78 | H91: P2 | I91: Brands | J91: Core | K91: /electrolux-fridge-repair/ | L91: NEW PAGE | M91: Secondary | N91: No - new find
A92: 91 | B92: commercial refrigeration mechanic | C92: Commercial | D92: 90 | E92: 14 | F92: 8.63 | G92: =ROUND(D92*(100-E92)/100,0) -> 77 | H92: P1 | I92: Commercial Refrigeration | J92: Core | K92: /commercial-fridge-repair-blacktown/ | L92: EXISTING PAGE | M92: Secondary | N92: Yes | O92: /commercial-fridge-repair-blacktown/
A93: 92 | B93: restaurant ice machine repair near me | C93: Transactional | D93: 70 | E93: 3 | F93: 0 | G93: =ROUND(D93*(100-E93)/100,0) -> 68 | H93: P3 | I93: Ice Machine | J93: Core | K93: /ice-machine-repair/ | L93: NEW PAGE | M93: Secondary | N93: No - new find
A94: 93 | B94: fridge repairs double bay | C94: Commercial | D94: 70 | E94: 3 | F94: 0 | G94: =ROUND(D94*(100-E94)/100,0) -> 68 | H94: P4 - Optional | I94: Local - Sydney Wide | J94: Low relevance | K94: /fridge-repair-sydney/ | L94: NEW PAGE | M94: Secondary | N94: No - new find
A95: 94 | B95: fridge repair glenwood | C95: Commercial | D95: 70 | E95: 4 | F95: 0 | G95: =ROUND(D95*(100-E95)/100,0) -> 67 | H95: P3 | I95: Local - Blacktown | J95: Core | K95: /fridge-repair-glenwood/ | L95: NEW PAGE | M95: PRIMARY | N95: Yes | O95: /fridge-repair-glenwood/
A96: 95 | B96: fridge repairs castle hill | C96: Commercial | D96: 70 | E96: 4 | F96: 1.68 | G96: =ROUND(D96*(100-E96)/100,0) -> 67 | H96: P3 | I96: Local - Western Sydney | J96: Extended | K96: /fridge-repair-castle-hill/ | L96: NEW PAGE | M96: PRIMARY | N96: Yes | O96: /service-areas/ (own page in Month 3+)
A97: 96 | B97: fridge repair castle hill | C97: Commercial | D97: 70 | E97: 4 | F97: 1.77 | G97: =ROUND(D97*(100-E97)/100,0) -> 67 | H97: P3 | I97: Local - Western Sydney | J97: Extended | K97: /fridge-repair-castle-hill/ | L97: NEW PAGE | M97: Secondary | N97: Yes | O97: /service-areas/ (own page in Month 3+)
A98: 97 | B98: fridge repairing services | C98: Commercial | D98: 70 | E98: 5 | F98: 2.77 | G98: =ROUND(D98*(100-E98)/100,0) -> 67 | H98: P3 | I98: Residential Service | J98: Core | K98: /residential-fridge-repair/ | L98: EXISTING PAGE | M98: Secondary | N98: No - new find
A99: 98 | B99: commercial refrigerator repair | C99: Commercial | D99: 70 | E99: 5 | F99: 0 | G99: =ROUND(D99*(100-E99)/100,0) -> 67 | H99: P3 | I99: Commercial Refrigeration | J99: Core | K99: /commercial-fridge-repair-blacktown/ | L99: EXISTING PAGE | M99: Secondary | N99: No - new find
A100: 99 | B100: coolroom repair | C100: Commercial | D100: 70 | E100: 5 | F100: 10.15 | G100: =ROUND(D100*(100-E100)/100,0) -> 67 | H100: P3 | I100: Coolroom / Cold Room | J100: Core | K100: /coolroom-repair/ | L100: NEW PAGE | M100: Secondary | N100: Yes | O100: /coolroom-repair/
A101: 100 | B101: fridge repairs coogee | C101: Commercial | D101: 70 | E101: 5 | F101: 0 | G101: =ROUND(D101*(100-E101)/100,0) -> 67 | H101: P4 - Optional | I101: Local - Sydney Wide | J101: Low relevance | K101: /fridge-repair-sydney/ | L101: NEW PAGE | M101: Secondary | N101: No - new find
A102: 101 | B102: commercial fridge repairs campbelltown | C102: Commercial | D102: 70 | E102: 6 | F102: 0 | G102: =ROUND(D102*(100-E102)/100,0) -> 66 | H102: P3 | I102: Commercial Refrigeration | J102: Extended | K102: /commercial-fridge-repair-blacktown/ | L102: EXISTING PAGE | M102: Secondary | N102: No - new find
A103: 102 | B103: fridge repair inner west | C103: Commercial | D103: 70 | E103: 6 | F103: 0 | G103: =ROUND(D103*(100-E103)/100,0) -> 66 | H103: P4 - Optional | I103: Local - Sydney Wide | J103: Low relevance | K103: /fridge-repair-sydney/ | L103: NEW PAGE | M103: Secondary | N103: No - new find
A104: 103 | B104: fridge repairs eastern suburbs | C104: Commercial | D104: 70 | E104: 6 | F104: 0 | G104: =ROUND(D104*(100-E104)/100,0) -> 66 | H104: P4 - Optional | I104: Local - Sydney Wide | J104: Low relevance | K104: /fridge-repair-sydney/ | L104: NEW PAGE | M104: Secondary | N104: No - new find
A105: 104 | B105: fridge repairs bondi | C105: Commercial | D105: 70 | E105: 6 | F105: 0 | G105: =ROUND(D105*(100-E105)/100,0) -> 66 | H105: P4 - Optional | I105: Local - Sydney Wide | J105: Low relevance | K105: /fridge-repair-sydney/ | L105: NEW PAGE | M105: Secondary | N105: No - new find
A106: 105 | B106: fridge repairs darlinghurst | C106: Commercial | D106: 70 | E106: 6 | F106: 2.54 | G106: =ROUND(D106*(100-E106)/100,0) -> 66 | H106: P4 - Optional | I106: Local - Sydney Wide | J106: Low relevance | K106: /fridge-repair-sydney/ | L106: NEW PAGE | M106: Secondary | N106: No - new find
A107: 106 | B107: bar fridge repairs | C107: Commercial | D107: 70 | E107: 8 | F107: 2.85 | G107: =ROUND(D107*(100-E107)/100,0) -> 64 | H107: P3 | I107: Display / Bar / Mini | J107: Core | K107: /bar-fridge-repair/ | L107: NEW PAGE | M107: PRIMARY | N107: No - new find
A108: 107 | B108: fridge seal repairs | C108: Commercial | D108: 70 | E108: 11 | F108: 1.54 | G108: =ROUND(D108*(100-E108)/100,0) -> 62 | H108: P3 | I108: Regas / Compressor / Seals | J108: Core | K108: /fridge-door-seal-replacement/ | L108: NEW PAGE | M108: Secondary | N108: No - new find
A109: 108 | B109: fridges repairs | C109: Commercial | D109: 70 | E109: 12 | F109: 1.98 | G109: =ROUND(D109*(100-E109)/100,0) -> 62 | H109: P3 | I109: Residential Service | J109: Core | K109: /residential-fridge-repair/ | L109: EXISTING PAGE | M109: Secondary | N109: No - new find
A110: 109 | B110: fisher and paykel service near me | C110: Transactional / Navigational | D110: 70 | E110: 15 | F110: 1.63 | G110: =ROUND(D110*(100-E110)/100,0) -> 60 | H110: P3 | I110: Brands | J110: Core | K110: /fisher-paykel-fridge-repair/ | L110: NEW PAGE | M110: Secondary | N110: No - new find
A111: 110 | B111: domestic fridge repairs | C111: Transactional | D111: 70 | E111: 18 | F111: 2.21 | G111: =ROUND(D111*(100-E111)/100,0) -> 57 | H111: P3 | I111: Residential Service | J111: Core | K111: /residential-fridge-repair/ | L111: EXISTING PAGE | M111: Secondary | N111: No - new find
A112: 111 | B112: same day fridge repair | C112: Commercial | D112: 70 | E112: 18 | F112: 2.01 | G112: =ROUND(D112*(100-E112)/100,0) -> 57 | H112: P3 | I112: Emergency / Same-day | J112: Core | K112: /emergency-fridge-repair/ | L112: EXISTING PAGE | M112: Secondary | N112: No - new find
A113: 112 | B113: repairing fridge | C113: Transactional | D113: 70 | E113: 20 | F113: 2.44 | G113: =ROUND(D113*(100-E113)/100,0) -> 56 | H113: P3 | I113: Residential Service | J113: Core | K113: /residential-fridge-repair/ | L113: EXISTING PAGE | M113: Secondary | N113: No - new find
A114: 113 | B114: fridge repair rouse hill | C114: Commercial | D114: 50 | E114: 4 | F114: 0 | G114: =ROUND(D114*(100-E114)/100,0) -> 48 | H114: P3 | I114: Local - Blacktown | J114: Core | K114: /fridge-repair-rouse-hill/ | L114: NEW PAGE | M114: PRIMARY | N114: Yes | O114: /fridge-repair-rouse-hill/
A115: 114 | B115: fridge repairs campbelltown nsw | C115: Commercial | D115: 50 | E115: 4 | F115: 1.36 | G115: =ROUND(D115*(100-E115)/100,0) -> 48 | H115: P3 | I115: Local - Western Sydney | J115: Extended | K115: /fridge-repair-campbelltown/ | L115: NEW PAGE | M115: Secondary | N115: No - new find
...

Sheet Competitors
A1: Top 10 Organic Competitors - Blacktown / Sydney fridge repair SERPs (Semrush, Australia, desktop, 16 Oct 2026)
A2: # | B2: Domain | C2: Competes for | D2: SERP position | E2: Ranking URL | F2: Domain Authority Score | G2: Backlinks (SERP table) | H2: Est. SERP traffic | I2: Domain organic traffic / mo | J2: Domain organic keywords | K2: Ref. domains | L2: What they do well | M2: How we beat them
A3: 1 | B3: masterfridgerepairs.com.au | C3: fridge repairs blacktown | D3: #1 (Blacktown) | E3: https://masterfridgerepairs.com.au/fridge-repairs-blacktown/ | F3: 10 | G3: 551 | H3: 220 | I3: 566 | J3: 259 | K3: 154 | L3: Dedicated Blacktown suburb page; broad service coverage; strongest local rival. | M3: Match with a stronger homepage + GBP + reviews; add brand / coolroom / ice machine pages they likely lack.
A4: 2 | B4: fridgerepairs.com.au | C4: fridge repair sydney | D4: #1 (Sydney) | E4: https://fridgerepairs.com.au/ | F4: 10 | G4: 446 | H4: 965 | I4: 1500 | J4: 256 | K4: 221 | L4: Exact-match domain; highest estimated SERP traffic among local players; 22 AI mentions. | M4: Only AS 10 - beatable. Win Western Sydney suburb + brand long-tail where they are thin.
A5: 3 | B5: ajtappliances.com.au | C5: fridge repairs blacktown | D5: #2 (Blacktown) | E5: https://ajtappliances.com.au/fridge-repair/new-south-wales/blacktown/ | F5: 8 | G5: 329 | H5: 78 | I5: 78 | J5: 84 | K5: 190 | L5: Location template page for Blacktown. | M5: Small site (84 keywords). Overtake with deeper content and FAQ / schema.
A6: 4 | B6: parrahills.com.au | C6: fridge repairs blacktown | D6: #4 (Blacktown) | E6: https://www.parrahills.com.au/BlacktownFridgeRepairs.html | F6: 8 | G6: 242 | H6: 47 | I6: n/a | J6: n/a | K6: n/a | L6: Single static Blacktown page. | M6: Low authority (AS 8, 242 backlinks). Quick win once indexed.
A7: 5 | B7: norwestapplianceservice.com.au | C7: fridge repairs blacktown | D7: #5 (Blacktown) | E7: https://www.norwestapplianceservice.com.au/areas-we-services/blacktown/ | F7: 10 | G7: 486 | H7: 309 | I7: n/a | J7: n/a | K7: n/a | L7: Appliance-wide business with area pages. | M7: General appliance brand - a fridge-specialist page can out-focus them.
A8: 6 | B8: smartappliance.com.au | C8: fridge repairs blacktown | D8: #7 (Blacktown) | E8: https://smartappliance.com.au/ | F8: 9 | G8: 254 | H8: 24 | I8: n/a | J8: n/a | K8: n/a | L8: Homepage ranks (no dedicated Blacktown page). | M8: A dedicated, locally optimised page beats a homepage.
A9: 7 | B9: fastfridgerepairs.com.au | C9: blacktown + sydney | D9: #10 Blacktown / #4 Sydney | E9: https://fastfridgerepairs.com.au/fridge-repairs-blacktown/ | F9: 16 | G9: 1.7K | H9: 118 | I9: n/a | J9: n/a | K9: n/a | L9: Ranks in both Blacktown and Sydney SERPs; has Google reviews in snippet. | M9: Reviews are the gap: build 25+ GBP reviews and add review schema.
A10: 8 | B10: sydneyfridgerepair.com.au | C10: fridge repair sydney | D10: #2 (Sydney) | E10: https://www.sydneyfridgerepair.com.au/ | F10: 10 | G10: 368 | H10: 216 | I10: n/a | J10: n/a | K10: 261 | L10: Exact-match domain; 261 referring domains. | M10: Out-localise them: Western Sydney suburbs + commercial pages.
A11: 9 | B11: bestrepairs.com.au | C11: fridge repair sydney | D11: #5 (Sydney) | E11: https://bestrepairs.com.au/ | F11: 11 | G11: 1.9K | H11: 762 | I11: n/a | J11: n/a | K11: n/a | L11: Homepage ranks; decent traffic estimate. | M11: Thin on service depth; win with dedicated service / brand pages.
A12: 10 | B12: commercialfridgerepairs.com.au | C12: commercial refrigeration repair sydney | D12: #8 (commercial) | E12: https://commercialfridgerepairs.com.au/ | F12: 17 | G12: 5.1K | I12: n/a | J12: n/a | K12: n/a | L12: Commercial-only specialist; best backlink profile in this list (AS 17). | M12: Their weakness: no residential. Compete on commercial + coolroom + ice machine pages with local trust signals.
A14: Other domains seen in the same SERPs
A15: # | B15: Domain | C15: Type | D15: SERP position | E15: URL | F15: Domain Authority Score | G15: Backlinks (SERP table) | H15: Est. SERP traffic | L15: Note | M15: Action
A16: 1 | B16: cold-rite.com.au | C16: Commercial competitor | D16: #1 commercial refrigeration repair sydney | E16: https://cold-rite.com.au/breakdown-service/ | F16: 19 | G16: 2.9K | H16: - | L16: Commercial rival with breakdown-service page. | M16: Study their breakdown / 24-7 page for the commercial + emergency pages.
A17: 2 | B17: commercialrefrigerationnsw.com.au | C17: Commercial competitor | D17: #5 commercial | E17: https://commercialrefrigerationnsw.com.au/ | F17: 19 | G17: 1.6K | H17: - | L17: Homepage ranks. | M17: Beat with a dedicated Blacktown commercial page.
A18: 3 | B18: jdrgrp.com.au / makrefrigeration.com.au / acarlosrefrigeration.com.au / agilityfridgerepairs.com.au | C18: Commercial competitors | D18: #2-#6 commercial | E18: various | F18: 9-15 | G18: 465-3.3K | H18: - | L18: Small commercial refrigeration firms (AS 9-15). | M18: All low authority - commercial cluster is realistic.
A19: 4 | B19: yellowpages.com.au | C19: Directory | D19: #3 Blacktown | E19: https://www.yellowpages.com.au/blacktown-nsw-2148/fridge-repairs | F19: 52 | G19: 2.7M | H19: 693.8K | L19: Cannot outrank on authority. | M19: List the business (free citation).
A20: 5 | B20: airtasker.com | C20: Marketplace | D20: #6 Blacktown / #3 Sydney | E20: https://www.airtasker.com/au/services/fridge-repair-installation/blacktown/ | F20: 58 | G20: 892K | H20: 272.1K | L20: Marketplace - not a direct competitor. | M20: Ignore; they hold top positions mostly by authority.
A21: 6 | B21: service.com.au / localsearch.com.au | C21: Directory | D21: #8 Blacktown / #8 Sydney | E21: various | F21: 36-58 | G21: 11.5K-387.6K | H21: 29.7K-977.2K | L21: Review-rich directories. | M21: Claim listings with identical NAP.
A22: 7 | B22: facebook.com | C22: Social | D22: #9 Blacktown / #6 Sydney | E22: groups / SydneyRefrigerationRepairs | F22: 100 | G22: 33.8B | H22: 56.0M | L22: Not a real competitor. | M22: Create a Facebook business page linked to the site.
A23: 8 | B23: bunneys.com.au / sydneyappliance.com.au / sydneyapplianceservices.net.au | C23: Appliance retailers / services | D23: Sydney #7-#10 | E23: various | F23: 8-20 | G23: 279-3.7K | H23: - | L23: Mixed appliance businesses. | M23: Low priority.
A25: Takeaway
A26: • Local fridge-repair competitors have Domain Authority 8-17 and only 150-260 referring domains - low authority means KD stays 0-20 and a well-built site with reviews can compete.
A27: • Only 3-4 competitors have a dedicated Blacktown page (masterfridgerepairs, ajtappliances, parrahills, fastfridgerepairs). Nobody visible has dedicated brand, coolroom or ice-machine pages for Blacktown - that is the gap this plan fills.
A28: • Domain-level traffic / keyword / referring-domain figures were only captured for masterfridgerepairs, fridgerepairs, ajtappliances (and referring domains for sydneyfridgerepair); the Semrush session stalled on the rest, so those cells show n/a.
A31: Competitor suburb-page footprint (sitemaps + Semrush Top Pages, 16 Oct 2026)
A32: # | B32: Domain | C32: Total URLs | D32: Suburb pages | E32: Brand pages | F32: Service / product pages | G32: Domain organic traffic | H32: Homepage traffic (share) | I32: All suburb pages traffic (share) | J32: Best suburb pages (visits/mo) | L32: Reading | M32: Conclusion
A33: 1 | B33: masterfridgerepairs.com.au | C33: 111+ (sitemap truncated) | D33: 80 | E33: 16 | F33: 12 | G33: 566 | H33: 391 (69%) | I33: ~64 (~11%) | J33: Campbelltown 19, Blacktown 11, Penrith 10, Double Bay 7, Parramatta 3 | L33: Ranks #1 for "fridge repairs blacktown" with a dedicated suburb page, but that page only gets ~11 visits. Coolroom page = 47 visits (#2 page). | M33: Suburb pages build local relevance, not volume. Coolroom + homepage carry the traffic.
A34: 2 | B34: fastfridgerepairs.com.au | C34: 191+ (sitemap truncated) | D34: 133 | E34: 30 | F34: 20 | G34: 236 | H34: 119 (50%) | I34: ~51 (~22%) | J34: Penrith 14, Castle Hill 13, Parramatta 6, Bondi 5, Richmond 5 | L34: Has pages for ~25 of your suburbs (Seven Hills, Quakers Hill, Mt Druitt, Doonside, Schofields, The Ponds...) yet almost all show 0-1 visits. A regas guide page earns 44 visits. | M34: Mass suburb pages alone do not produce traffic: copy the coverage, win with unique content, reviews and service / brand pages.

Sheet Existing Pages & Audit
A1: fridgerepairblacktown.com.au - what exists today (sitemap + homepage review, 16 Oct 2026)
A2: URL | B2: Exists? | C2: Mapped keywords (Semrush) | D2: Total volume | E2: Primary keyword | F2: Action
A3: / | B3: Yes - in sitemap | C3: ='Page Map'!I2 -> 16 | D3: ='Page Map'!J2 -> 7340 | E3: fridge repairs near me | F3: Optimise title / H1 / copy to the target keywords on the Page Map tab
A4: /residential-fridge-repair/ | B4: Yes - in sitemap | C4: ='Page Map'!I4 -> 19 | D4: ='Page Map'!J4 -> 4160 | E4: repair refrigerator service | F4: Optimise title / H1 / copy to the target keywords on the Page Map tab
A5: /commercial-fridge-repair-blacktown/ | B5: Yes - in sitemap | C5: ='Page Map'!I3 -> 17 | D5: ='Page Map'!J3 -> 4170 | E5: commercial refrigeration repair | F5: Optimise title / H1 / copy to the target keywords on the Page Map tab
A6: /freezer-repair-blacktown/ | B6: Yes - in sitemap | C6: ='Page Map'!I9 -> 3 | D6: ='Page Map'!J9 -> 660 | E6: freezer repair | F6: Optimise title / H1 / copy to the target keywords on the Page Map tab
A7: /fridge-regas/ | B7: Yes - in sitemap | C7: ='Page Map'!I11 -> 1 | D7: ='Page Map'!J11 -> 140 | E7: refrigerator regas | F7: Optimise title / H1 / copy to the target keywords on the Page Map tab
A8: /emergency-fridge-repair/ | B8: Yes - in sitemap | C8: ='Page Map'!I6 -> 4 | D8: ='Page Map'!J6 -> 380 | E8: emergency commercial refrigeration repair | F8: Optimise title / H1 / copy to the target keywords on the Page Map tab
A9: /fridge-not-cooling-repair/ | B9: Yes - in sitemap | C9: n/a | D9: n/a | E9: No Commercial/Transactional keyword in KD 0-20 filter with 50+ volume | F9: Keep and optimise. Fault searches are mostly informational (blog), but the page converts. Link from blog posts.
A10: /about-us/ | B10: Yes - in sitemap | C10: - | D10: - | E10: - | F10: Keep. Add licence / ARCtick numbers, owner photo (trust page).
A11: /blog/ | B11: Yes - in sitemap | C11: - | D11: - | E11: - | F11: Keep. Existing posts should link to the money pages.
A13: Issues found on the live homepage
A14: 1. No phone number anywhere on the homepage - only an email and a booking form. For a local service business this is the biggest conversion and local-SEO (NAP) gap.
A15: 2. Footer links Coolroom Repairs, Display Fridge Repairs and Salad Bar Fridge Repairs all point to #services - these pages do not exist yet (created in this plan).
A16: 3. Several "Learn more" and suburb links point to "#" (dead links). Homepage says suburb pages are "being added progressively" - Area and Brand footer links go to #areas / #brands.
A17: 4. Unfinished content visible on the page: developer note about replacing sample reviews with 3 real Google reviews, pricing placeholders "[confirm %]" and "[confirm]", map and review widget placeholders. Remove or complete before indexing.
A18: 5. Navigation uses on-page anchors (#services, #brands, #faq-section) for key sections - brand and area sections need real URLs.
A19: 6. Sitemap contains only 9 URLs. Previous plan also notes bots were blocked and 0 pages indexed - verify in Search Console that robots / noindex is fixed before any ranking can happen.
A20: 7. Semrush currently sees 39 organic keywords for the domain in Australia with ~0 traffic - effectively a brand-new site, so expect rankings to start with the low-KD terms in this list.

Sheet 8-Week Action Plan
A1: Week | B1: Dates | C1: Task | D1: Pages | E1: Why (Semrush data)
A2: Week 1 | B2: 19 - 25 Oct | C2: Fix & finish: add phone number + click-to-call, remove dev notes / placeholders, fix "#" links, confirm indexing in Search Console, submit sitemap | D2: / , /contact/ | E2: Nothing ranks until pages are indexed and complete
A3: Week 1 | B3: 19 - 25 Oct | C3: Create / claim Google Business Profile (category: Refrigerator repair service) with identical NAP; ask for first reviews | D3: GBP | E3: "Near me" terms (fridge repairs near me 2,400/mo) are won in the Map Pack
A4: Week 1 | B4: 19 - 25 Oct | C4: OPTIMISE existing pages (title, H1, copy, FAQ, internal links) | D4: /, /commercial-fridge-repair-blacktown/, /residential-fridge-repair/, /emergency-fridge-repair/ | E4: Targets: fridge repairs near me (2,400/mo, KD 12); commercial refrigeration repair (720/mo, KD 14); repair refrigerator service (720/mo, KD 13); emergency commercial refrigeration repair (210/mo, KD 5)
A5: Week 1 | B5: 19 - 25 Oct | C5: PUBLISH new service / brand pages | D5: /fisher-paykel-fridge-repair/ | E5: Targets: fisher and paykel fridge repairs (1,000/mo, KD 12)
A6: Week 1 | B6: 19 - 25 Oct | C6: Build the suburb page template + a data sheet per suburb (postcode, streets / landmarks, nearest commercial zone, real jobs and photos, local review). No page goes live with only the suburb name swapped | D6: Template | E6: Competitors use 80-133 suburb pages; to avoid thin / doorway content every page needs unique local detail
A7: Week 2 | B7: 26 Oct - 1 Nov | C7: OPTIMISE existing pages (title, H1, copy, FAQ, internal links) | D7: /freezer-repair-blacktown/, /fridge-regas/ | E7: Targets: freezer repair (480/mo, KD 7); refrigerator regas (140/mo, KD 7)
A8: Week 2 | B8: 26 Oct - 1 Nov | C8: PUBLISH new service / brand pages | D8: /ice-machine-repair/, /westinghouse-fridge-repair/, /coolroom-repair/ | E8: Targets: refrigerator ice machine repair (320/mo, KD 6); westinghouse refrigerator repairs (590/mo, KD 13); coolroom repairs near me (170/mo, KD 20)
A9: Week 2 | B9: 26 Oct - 1 Nov | C9: PUBLISH suburb pages (Tier 1) - each with unique local content, own FAQ and local proof | D9: /fridge-repair-penrith/, /fridge-repair-smithfield/, /fridge-repair-parramatta/, /fridge-repair-castle-hill/, /fridge-repair-glenwood/, /fridge-repair-rouse-hill/ | E9: Targets: fridge repairs penrith (140/mo, KD 7); fridge repairs smithfield (170/mo, KD 5); fridge repairs parramatta (140/mo, KD 5); fridge repairs castle hill (70/mo, KD 4); fridge repair glenwood (70/mo, KD 4); fridge repair rouse hill (50/mo, KD 4)
A10: Week 2 | B10: 26 Oct - 1 Nov | C10: Publish /service-areas/ hub; link every suburb + brand page from it and from the homepage | D10: /service-areas/ | E10: Hub passes internal link equity to all suburb pages
A11: Week 2 | B11: 26 Oct - 1 Nov | C11: Publish /fridge-repair-cost/ price guide (after confirming real prices) | D11: /fridge-repair-cost/ | E11: Captures price-checkers; supports conversions
A12: Week 3 | B12: 2 - 8 Nov | C12: PUBLISH new service / brand pages | D12: /lg-fridge-repair/, /samsung-fridge-repair/, /mobile-fridge-repair/ | E12: Targets: lg fridge repair near me (260/mo, KD 11); samsung fridge repair near me (210/mo, KD 10); mobile fridge repairs near me (210/mo, KD 13)
... A26: Week 8 | B26: 7 - 13 Dec | C26: Pull Semrush positions again; re-run KD 0-20 filter with KD 21-35 for the next wave (e.g. fridge repairs sydney, fridge repair near me variants) | D26: All | E26: Next phase keywords
